Timestamp,X,Y,Z
01-Feb-2025 18:29:47.647,0.433351,5.102044,8.595184
01-Feb-2025 18:29:47.807,0.311246,5.073313,8.566454
01-Feb-2025 18:29:47.967,0.672771,4.972757,8.772355
01-Feb-2025 18:29:48.127,0.550666,5.121197,8.360553
01-Feb-2025 18:29:48.287,0.505177,4.711789,9.217676
01-Feb-2025 18:29:48.447,0.538695,4.982334,8.358158
01-Feb-2025 18:29:48.607,0.97444,4.733337,10.503363
01-Feb-2025 18:29:48.767,0.964863,6.521805,7.848193
01-Feb-2025 18:29:48.927,0.775721,7.328651,6.706159
01-Feb-2025 18:29:49.088,3.251326,8.374918,6.828263
01-Feb-2025 18:29:49.248,0.371101,9.730036,-1.912967
01-Feb-2025 18:29:49.408,1.357512,9.524135,-0.823605
01-Feb-2025 18:29:49.568,1.316811,9.921572,-0.579397
01-Feb-2025 18:29:49.728,0.933739,9.890448,-0.02873
01-Feb-2025 18:29:49.888,0.737414,9.830592,0.466869
01-Feb-2025 18:29:50.048,0.656011,9.873688,0.59855
01-Feb-2025 18:29:50.208,0.483629,9.80665,0.42138
01-Feb-2025 18:29:50.369,0.390255,9.885659,0.143652
01-Feb-2025 18:29:50.529,0.328006,9.89763,0.23942
01-Feb-2025 18:29:50.689,0.397437,9.892841,0.620098
01-Feb-2025 18:29:50.849,0.548272,9.955091,0.500388
01-Feb-2025 18:29:51.009,0.430956,9.533711,1.151611
01-Feb-2025 18:29:51.169,1.501164,10.905589,-2.99754
01-Feb-2025 18:29:51.329,1.613692,9.844957,0.268151
01-Feb-2025 18:29:51.489,0.778116,10.184934,0.07422
01-Feb-2025 18:29:51.649,-0.21069,10.951078,0.574608
01-Feb-2025 18:29:51.810,-0.411803,9.564836,1.103727
01-Feb-2025 18:29:51.970,-0.596156,8.50181,-0.114922
01-Feb-2025 18:29:52.130,0.09098,9.753978,-0.318429
01-Feb-2025 18:29:52.290,0.593762,10.876859,-0.70629
01-Feb-2025 18:29:52.450,1.697489,7.544129,0.782904
01-Feb-2025 18:29:52.610,1.261744,8.846576,-0.794875
01-Feb-2025 18:29:52.770,1.197101,9.210494,-0.526724
01-Feb-2025 18:29:52.930,0.921768,11.212047,-0.105345
01-Feb-2025 18:29:53.090,-1.127669,8.104373,0.821211
01-Feb-2025 18:29:53.251,0.54109,8.310274,0.04549
01-Feb-2025 18:29:53.411,0.407014,9.916783,-0.845153
01-Feb-2025 18:29:53.571,0.538695,10.070012,-0.78051
01-Feb-2025 18:29:53.731,1.642422,12.133814,-0.04549
01-Feb-2025 18:29:53.891,1.675941,9.488221,0.248997
01-Feb-2025 18:29:54.051,1.391031,9.083601,0.059855
01-Feb-2025 18:29:54.211,1.077391,9.220071,0.138864
01-Feb-2025 18:29:54.372,0.526724,12.021287,-0.308852
01-Feb-2025 18:29:54.532,-1.024718,8.983045,0.466869
01-Feb-2025 18:29:54.692,-0.632069,8.602366,0.56982
01-Feb-2025 18:29:54.852,-0.471658,9.880871,0.457293
01-Feb-2025 18:29:55.012,1.055843,10.733206,-1.01993
01-Feb-2025 18:29:55.172,0.876278,9.469068,-0.129287
01-Feb-2025 18:29:55.333,0.577003,9.052477,-0.593762
01-Feb-2025 18:29:55.493,0.21069,10.896012,-0.505177
01-Feb-2025 18:29:55.653,-0.241814,9.900024,-0.067038
01-Feb-2025 18:29:55.813,0.797269,9.473856,-0.816423
01-Feb-2025 18:29:55.973,0.014365,9.801862,0.323217
01-Feb-2025 18:29:56.133,-0.967257,10.34774,0.651223
01-Feb-2025 18:29:56.293,-0.591368,9.301474,0.107739
01-Feb-2025 18:29:56.454,-0.191536,9.844957,0.134075
01-Feb-2025 18:29:56.614,1.046266,9.174581,1.221043
01-Feb-2025 18:29:56.774,1.132457,9.991004,0.639252
01-Feb-2025 18:29:56.934,1.47004,9.622296,-0.435745
01-Feb-2025 18:29:57.094,0.916979,10.096349,-0.936133
01-Feb-2025 18:29:57.254,-0.651223,11.499351,0.588974
01-Feb-2025 18:29:57.415,0.088585,9.746795,0.136469
01-Feb-2025 18:29:57.575,0.1652,9.126697,-0.514753
01-Feb-2025 18:29:57.735,0.311246,9.035717,-0.778116
01-Feb-2025 18:29:57.895,1.261744,11.990162,-0.416591
01-Feb-2025 18:29:58.055,2.315193,7.290344,0.85473
01-Feb-2025 18:29:58.215,1.13964,9.921572,-0.387861
01-Feb-2025 18:29:58.376,0.627281,9.684546,-0.696713
01-Feb-2025 18:29:58.536,1.831564,11.305421,-0.629675
01-Feb-2025 18:29:58.696,-0.593762,9.074024,0.189142
01-Feb-2025 18:29:58.856,1.362301,10.228029,-0.316035
01-Feb-2025 18:29:59.016,0.426168,9.41879,-0.679953
01-Feb-2025 18:29:59.176,0.797269,9.983821,-0.292093
01-Feb-2025 18:29:59.336,1.711854,11.695675,-0.579397
01-Feb-2025 18:29:59.497,1.041478,7.31668,0.040701
01-Feb-2025 18:29:59.657,0.579397,9.040505,-0.770933
01-Feb-2025 18:29:59.817,0.699107,9.78989,-0.723049
01-Feb-2025 18:29:59.977,1.572991,11.461043,-0.720655
01-Feb-2025 18:30:00.137,-0.31364,8.576031,-0.007183
01-Feb-2025 18:30:00.297,0.486023,9.991004,-0.280122
01-Feb-2025 18:30:00.457,0.229843,9.524135,-0.713472
01-Feb-2025 18:30:00.617,0.107739,10.259154,-0.833182
01-Feb-2025 18:30:00.778,0.658405,11.027693,0.019154
01-Feb-2025 18:30:00.938,2.169147,9.727641,-0.328006
01-Feb-2025 18:30:01.098,0.756568,8.75799,-0.213084
01-Feb-2025 18:30:01.258,1.692701,9.720459,-1.414973
01-Feb-2025 18:30:01.418,1.673547,11.087548,-1.970428
01-Feb-2025 18:30:01.578,-0.663194,7.144298,-0.263362
01-Feb-2025 18:30:01.738,0.323217,8.860941,-0.416591
01-Feb-2025 18:30:01.898,0.076614,9.485827,-0.938527
01-Feb-2025 18:30:02.059,0.366313,11.209652,0.105345
01-Feb-2025 18:30:02.219,0.708684,10.254366,1.144428
01-Feb-2025 18:30:02.379,0.85473,12.164939,-0.07422
01-Feb-2025 18:30:02.539,0.818817,9.047688,-0.861913
01-Feb-2025 18:30:02.699,1.192312,10.508151,-1.268927
01-Feb-2025 18:30:02.859,-1.005565,11.693281,0.186748
01-Feb-2025 18:30:03.019,0.440533,10.354922,-0.064643
01-Feb-2025 18:30:03.179,0.1652,9.433155,-0.050278
01-Feb-2025 18:30:03.339,0.749385,9.41879,-0.229843
01-Feb-2025 18:30:03.499,1.410185,11.128249,-0.395043
01-Feb-2025 18:30:03.659,1.525106,10.242394,-0.296881
01-Feb-2025 18:30:03.820,0.718261,8.978256,-0.682347
01-Feb-2025 18:30:03.980,1.204283,9.842564,-0.395043
01-Feb-2025 18:30:04.140,0.885855,10.108319,-1.072602
01-Feb-2025 18:30:04.300,-0.471658,9.279925,0.232238
01-Feb-2025 18:30:04.460,-0.600945,9.861717,0.380678
01-Feb-2025 18:30:04.620,-0.600945,10.031705,0.09098
01-Feb-2025 18:30:04.780,-0.225055,10.809821,0.536301
01-Feb-2025 18:30:04.940,0.952892,10.436325,0.696713
01-Feb-2025 18:30:05.100,2.030283,10.828975,-0.014365
01-Feb-2025 18:30:05.261,1.939303,8.372523,0.019154
01-Feb-2025 18:30:05.421,1.462857,9.646238,-0.392649
01-Feb-2025 18:30:05.581,1.194707,11.427525,-0.744597
01-Feb-2025 18:30:05.741,0.938527,9.787497,-0.169988
01-Feb-2025 18:30:05.901,-0.782904,8.561666,-0.155623
01-Feb-2025 18:30:06.061,0.153229,8.762778,-0.835576
01-Feb-2025 18:30:06.221,0.380678,9.516952,-0.648829
01-Feb-2025 18:30:06.382,0.160412,10.493786,-0.251391
01-Feb-2025 18:30:06.542,0.830788,10.129868,0.270545
01-Feb-2025 18:30:06.702,1.73819,11.801021,0.016759
01-Feb-2025 18:30:06.862,1.266533,8.647857,-0.746991
01-Feb-2025 18:30:07.022,1.493982,9.921572,-0.699107
01-Feb-2025 18:30:07.182,1.532289,11.824963,-1.359907
01-Feb-2025 18:30:07.342,-0.40462,7.127539,-0.083797
01-Feb-2025 18:30:07.502,0.464475,8.700529,-0.562637
01-Feb-2025 18:30:07.662,0.445322,9.552865,-0.857124
01-Feb-2025 18:30:07.823,0.830788,10.244789,-0.517148
01-Feb-2025 18:30:07.983,1.060631,11.001357,0.079009
01-Feb-2025 18:30:08.143,1.853112,11.295844,-0.124498
01-Feb-2025 18:30:08.303,1.240196,8.983045,-0.169988
01-Feb-2025 18:30:08.463,1.398214,9.715671,-0.469264
01-Feb-2025 18:30:08.623,0.430956,12.337321,-0.481235
01-Feb-2025 18:30:08.783,-0.581791,7.967903,-0.023942
01-Feb-2025 18:30:08.943,0.004788,9.26556,-0.663194
01-Feb-2025 18:30:09.103,0.471658,8.870518,-0.909797
01-Feb-2025 18:30:09.263,-0.002394,10.18254,-0.778116
01-Feb-2025 18:30:09.423,1.034295,10.144233,1.060631
01-Feb-2025 18:30:09.583,0.914585,10.986992,-0.019154
01-Feb-2025 18:30:09.743,0.85473,8.884883,-0.251391
01-Feb-2025 18:30:09.903,1.051055,9.988609,-0.70629
01-Feb-2025 18:30:10.064,-0.361524,12.433089,0.351948
01-Feb-2025 18:30:10.224,0.390255,9.744401,-0.112527
01-Feb-2025 18:30:10.384,0.320823,9.07163,-0.409408
01-Feb-2025 18:30:10.544,0.184354,9.088389,-0.407014
01-Feb-2025 18:30:10.704,1.302446,12.641385,-0.567426
01-Feb-2025 18:30:10.864,1.297657,9.801862,0.248997
01-Feb-2025 18:30:11.024,1.086968,8.461109,-0.864307
01-Feb-2025 18:30:11.184,1.278504,9.514558,-1.010353
01-Feb-2025 18:30:11.344,1.520318,11.568783,-1.659182
01-Feb-2025 18:30:11.504,-0.663194,7.970297,-0.059855
01-Feb-2025 18:30:11.664,0.208296,9.504981,-0.438139
01-Feb-2025 18:30:11.824,0.205901,9.64145,-0.586579
01-Feb-2025 18:30:11.984,0.80924,10.196905,-0.486023
01-Feb-2025 18:30:12.145,1.120486,11.319786,0.507571
01-Feb-2025 18:30:12.305,1.101333,11.394006,0.100556
01-Feb-2025 18:30:12.465,0.509965,9.107543,-0.768539
01-Feb-2025 18:30:12.625,0.622492,9.651027,-0.871489
01-Feb-2025 18:30:12.785,-0.148441,11.712435,-0.320823
01-Feb-2025 18:30:12.945,-0.550666,8.887277,0.505177
01-Feb-2025 18:30:13.105,-0.469264,9.816227,0.418985
01-Feb-2025 18:30:13.265,-1.16837,9.97185,0.248997
01-Feb-2025 18:30:13.425,-0.895431,9.720459,0.155623
01-Feb-2025 18:30:13.585,-0.270545,10.038888,-0.141258
01-Feb-2025 18:30:13.745,0.849942,9.507375,-0.098162
01-Feb-2025 18:30:13.905,1.367089,11.372458,-1.041478
01-Feb-2025 18:30:14.065,0.995988,9.124303,-0.703895
01-Feb-2025 18:30:14.225,1.046266,9.615114,-0.514753
01-Feb-2025 18:30:14.321,1.149217,9.91439,-0.184354
01-Feb-2025 18:30:14.329,1.074997,9.928755,-0.311246
01-Feb-2025 18:30:14.337,1.01993,9.895236,-0.241814
01-Feb-2025 18:30:14.345,1.115698,9.871294,-0.186748
01-Feb-2025 18:30:14.353,1.474828,9.770737,-0.047884
01-Feb-2025 18:30:14.556,0.469264,11.963826,0.292093
01-Feb-2025 18:30:14.716,-0.665588,8.540117,0.52433
01-Feb-2025 18:30:14.876,-0.160412,8.614338,-0.129287
01-Feb-2025 18:30:15.036,-0.244209,9.739613,-0.260968
01-Feb-2025 18:30:15.196,0.122104,10.70687,-0.411803
01-Feb-2025 18:30:15.357,0.723049,9.919178,0.600945
01-Feb-2025 18:30:15.517,1.510741,11.089942,0.596156
01-Feb-2025 18:30:15.677,1.391031,9.186552,-0.28491
01-Feb-2025 18:30:15.837,1.302446,9.572019,-0.610521
01-Feb-2025 18:30:15.997,0.548272,12.749125,-0.344765
01-Feb-2025 18:30:16.157,-0.593762,8.046912,-0.241814
01-Feb-2025 18:30:16.317,0.289698,8.470686,-0.3304
01-Feb-2025 18:30:16.477,0.234632,9.279925,-0.78051
01-Feb-2025 18:30:16.637,0.517148,10.527305,-0.588974
01-Feb-2025 18:30:16.797,0.964863,10.601525,0.565032
01-Feb-2025 18:30:16.957,1.510741,11.271901,0.110133
01-Feb-2025 18:30:17.117,0.976834,8.698134,-0.754174
01-Feb-2025 18:30:17.277,0.687136,10.247183,-0.940921
01-Feb-2025 18:30:17.437,0.955287,11.556811,-1.596933
01-Feb-2025 18:30:17.597,-1.309628,8.145074,-0.339977
01-Feb-2025 18:30:17.757,-0.275333,8.293514,-1.017536
01-Feb-2025 18:30:17.917,-0.100556,9.92636,-0.414197
01-Feb-2025 18:30:18.077,0.098162,11.061212,-0.282516
01-Feb-2025 18:30:18.237,1.249773,9.844957,0.023942
01-Feb-2025 18:30:18.397,1.47004,11.243171,-0.23942
01-Feb-2025 18:30:18.557,0.955287,8.719683,-0.749385
01-Feb-2025 18:30:18.717,1.359907,9.382876,-0.548272
01-Feb-2025 18:30:18.878,0.533907,12.260707,-0.773327
01-Feb-2025 18:30:19.038,-0.751779,8.805874,-0.486023
01-Feb-2025 18:30:19.198,0.328006,8.62152,-0.19393
01-Feb-2025 18:30:19.358,0.42138,9.397242,-0.497994
01-Feb-2025 18:30:19.518,0.445322,10.82658,-0.677559
01-Feb-2025 18:30:19.678,1.704672,7.13951,0.339977
01-Feb-2025 18:30:19.838,0.972046,9.751583,-0.208296
01-Feb-2025 18:30:19.998,0.4956,9.725247,-1.225831
01-Feb-2025 18:30:20.158,0.354342,10.7356,-1.288081
01-Feb-2025 18:30:20.318,-0.328006,10.096349,-1.18513
01-Feb-2025 18:30:20.478,0.035913,10.196905,-0.68953
01-Feb-2025 18:30:20.638,-0.141258,9.270349,-0.517148
01-Feb-2025 18:30:20.798,0.11971,10.81461,-0.529119
01-Feb-2025 18:30:20.958,0.306458,13.208811,0.059855
01-Feb-2025 18:30:21.118,1.723825,9.878476,-0.701501
01-Feb-2025 18:30:21.278,1.132457,8.456321,-1.063026
01-Feb-2025 18:30:21.438,0.703895,9.998186,-0.316035
01-Feb-2025 18:30:21.598,1.106121,12.176909,-2.365471
01-Feb-2025 18:30:21.758,-0.28491,10.333375,-0.4956
01-Feb-2025 18:30:21.918,-0.639252,10.893618,-0.371101
01-Feb-2025 18:30:22.078,-0.711078,10.335769,-0.095768
01-Feb-2025 18:30:22.238,-0.876278,9.715671,-0.687136
01-Feb-2025 18:30:22.398,-1.070208,10.098742,-0.517148
01-Feb-2025 18:30:22.559,-0.311246,9.313444,-0.591368
01-Feb-2025 18:30:22.719,0.110133,10.965444,-0.727837
01-Feb-2025 18:30:22.879,0.794875,9.0429,-0.998382
01-Feb-2025 18:30:23.039,1.436521,9.497798,-0.768539
01-Feb-2025 18:30:23.199,1.362301,11.195287,-0.507571
01-Feb-2025 18:30:23.359,-0.600945,9.476251,0.758962
01-Feb-2025 18:30:23.519,0.344765,10.287885,-0.136469
01-Feb-2025 18:30:23.679,-0.237026,9.217676,-0.70629
01-Feb-2025 18:30:23.839,0.213084,9.883265,-0.560243
01-Feb-2025 18:30:23.999,0.502782,10.668563,-0.919373
01-Feb-2025 18:30:24.159,1.041478,8.317456,-0.349553
01-Feb-2025 18:30:24.319,0.588974,10.709264,-0.332794
01-Feb-2025 18:30:24.479,1.077391,9.454702,-0.806846
01-Feb-2025 18:30:24.639,1.007959,9.92636,-0.845153
01-Feb-2025 18:30:24.799,-0.11971,12.124237,-0.201113
01-Feb-2025 18:30:24.959,-1.079785,8.063671,-0.323217
01-Feb-2025 18:30:25.120,0.265756,8.8777,-0.588974
01-Feb-2025 18:30:25.280,0.098162,9.378088,-0.732626
01-Feb-2025 18:30:25.440,0.189142,10.381259,-0.500388
01-Feb-2025 18:30:25.600,0.656011,9.816227,-0.371101
01-Feb-2025 18:30:25.760,0.632069,10.929531,-0.555455
01-Feb-2025 18:30:25.920,0.902614,9.239224,-1.043872
01-Feb-2025 18:30:26.080,0.842759,11.046846,-0.979228
01-Feb-2025 18:30:26.240,-0.581791,9.598354,-0.158017
01-Feb-2025 18:30:26.400,-0.390255,9.552865,-0.217872
01-Feb-2025 18:30:26.560,-0.263362,9.392453,-0.940921
01-Feb-2025 18:30:26.720,0.014365,10.192117,-1.041478
01-Feb-2025 18:30:26.880,0.526724,11.583148,-0.893037
01-Feb-2025 18:30:27.040,1.501164,8.135497,-0.591368
01-Feb-2025 18:30:27.200,1.120486,9.035717,-0.794875
01-Feb-2025 18:30:27.360,0.861913,9.366117,-1.031901
01-Feb-2025 18:30:27.520,2.272097,11.250354,-1.237802
01-Feb-2025 18:30:27.680,-0.531513,8.401254,-0.25618
01-Feb-2025 18:30:27.840,0.3304,9.356541,-0.754174
01-Feb-2025 18:30:28.000,0.332794,9.339781,-1.039083
01-Feb-2025 18:30:28.160,0.452504,10.5704,-0.718261
01-Feb-2025 18:30:28.321,1.343147,10.326192,0.347159
01-Feb-2025 18:30:28.481,0.577003,11.346122,-0.098162
01-Feb-2025 18:30:28.641,1.335965,8.839393,-0.454898
01-Feb-2025 18:30:28.801,0.61531,10.144233,-1.321599
01-Feb-2025 18:30:28.961,-0.6608,11.702858,-0.059855
01-Feb-2025 18:30:29.121,0.392649,10.228029,-0.146046
01-Feb-2025 18:30:29.281,-0.464475,8.525752,-0.466869
01-Feb-2025 18:30:29.361,0.088585,9.497798,-0.751779
01-Feb-2025 18:30:29.381,-0.143652,9.560047,-0.754174
01-Feb-2025 18:30:29.401,-0.373495,9.871294,-0.653617
01-Feb-2025 18:30:29.421,-0.079009,9.718064,-0.572214
01-Feb-2025 18:30:29.441,-0.040701,9.306262,-0.703895
01-Feb-2025 18:30:29.461,-0.129287,9.435549,-0.486023
01-Feb-2025 18:30:29.481,0.845153,9.947908,-0.574608
01-Feb-2025 18:30:29.641,0.198719,12.188881,-0.014365
01-Feb-2025 18:30:29.801,1.039083,9.993398,-0.141258
01-Feb-2025 18:30:29.961,0.634463,9.016563,-0.696713
01-Feb-2025 18:30:30.121,1.127669,9.605537,-0.842759
01-Feb-2025 18:30:30.281,0.828394,11.750742,-1.223437
01-Feb-2025 18:30:30.441,-1.240196,8.827422,0.56982
01-Feb-2025 18:30:30.601,-0.213084,9.967062,0.380678
01-Feb-2025 18:30:30.762,-0.083797,9.287108,0.112527
01-Feb-2025 18:30:30.922,-0.033519,10.129868,-0.007183
01-Feb-2025 18:30:31.082,0.586579,9.727641,-0.007183
01-Feb-2025 18:30:31.242,0.3304,10.524911,-0.383072
01-Feb-2025 18:30:31.402,0.852336,9.43076,-0.040701
01-Feb-2025 18:30:31.562,0.591368,9.964667,-0.201113
01-Feb-2025 18:30:31.722,1.177947,10.031705,-0.509965
01-Feb-2025 18:30:31.882,-1.407791,8.925584,0.134075
01-Feb-2025 18:30:32.042,-1.323994,10.529699,0.184354
01-Feb-2025 18:30:32.202,-0.6608,9.234436,-0.380678
01-Feb-2025 18:30:32.362,0.40462,11.190498,-0.114922
01-Feb-2025 18:30:32.522,1.443704,8.825027,0.423774
01-Feb-2025 18:30:32.682,0.964863,9.222465,-0.323217
01-Feb-2025 18:30:32.842,1.154005,9.634268,-0.656011
01-Feb-2025 18:30:33.002,1.005565,10.105926,-0.531513
01-Feb-2025 18:30:33.162,1.448492,10.733206,-0.746991
01-Feb-2025 18:30:33.323,-0.636858,7.78355,0.960075
01-Feb-2025 18:30:33.483,0.775721,8.087613,-0.804452
01-Feb-2025 18:30:33.643,0.213084,10.050858,-0.610521
01-Feb-2025 18:30:33.803,0.071826,10.323798,-0.711078
01-Feb-2025 18:30:33.963,0.538695,11.164163,0.033519
01-Feb-2025 18:30:34.123,1.541866,10.699687,-0.438139
01-Feb-2025 18:30:34.283,0.76375,9.212888,-1.264138
01-Feb-2025 18:30:34.443,0.818817,9.40203,-1.089362
01-Feb-2025 18:30:34.603,-0.588974,12.270284,-0.325611
01-Feb-2025 18:30:34.763,-1.063026,8.166622,-0.02873
01-Feb-2025 18:30:34.923,-0.088585,8.532935,-0.488417
01-Feb-2025 18:30:35.083,0.098162,9.957485,-0.172383
01-Feb-2025 18:30:35.243,0.703895,11.267113,-0.526724
01-Feb-2025 18:30:35.403,1.690306,7.321469,0.529119
01-Feb-2025 18:30:35.563,1.204283,9.28232,-0.653617
01-Feb-2025 18:30:35.723,0.603339,9.325416,-0.787692
01-Feb-2025 18:30:35.883,1.235408,11.130644,-0.507571
01-Feb-2025 18:30:36.044,-0.390255,9.19134,0.162806
01-Feb-2025 18:30:36.204,-0.002394,9.892841,-0.129287
01-Feb-2025 18:30:36.364,0.047884,9.722853,-0.146046
01-Feb-2025 18:30:36.524,0.54109,9.878476,-0.577003
01-Feb-2025 18:30:36.684,0.92895,10.898406,-0.821211
01-Feb-2025 18:30:36.844,2.049437,7.175423,0.4956
01-Feb-2025 18:30:37.004,0.943315,9.385271,-0.466869
01-Feb-2025 18:30:37.164,1.007959,9.672575,-0.85473
01-Feb-2025 18:30:37.324,0.672771,10.905589,-0.481235
01-Feb-2025 18:30:37.484,-0.167594,10.714052,0.225055
01-Feb-2025 18:30:37.644,0.471658,10.898406,-0.043096
01-Feb-2025 18:30:37.804,0.007183,9.239224,-0.19393
01-Feb-2025 18:30:37.964,-0.002394,10.97502,-0.179565
01-Feb-2025 18:30:38.124,1.458069,10.728417,1.055843
01-Feb-2025 18:30:38.284,0.885855,10.462662,0.225055
01-Feb-2025 18:30:38.445,0.933739,9.303867,-0.466869
01-Feb-2025 18:30:38.605,0.998382,9.64145,-0.502782
01-Feb-2025 18:30:38.765,0.162806,12.174516,-0.80924
01-Feb-2025 18:30:38.925,-0.605733,7.793127,-0.3304
01-Feb-2025 18:30:39.085,0.45011,8.080431,-0.617704
01-Feb-2025 18:30:39.245,0.488417,9.684546,-0.059855
01-Feb-2025 18:30:39.405,1.031901,10.84334,-0.531513
01-Feb-2025 18:30:39.565,1.199495,6.464345,0.038307
01-Feb-2025 18:30:39.725,1.302446,10.31901,-0.086191
01-Feb-2025 18:30:39.885,0.814029,9.263166,-0.943315
01-Feb-2025 18:30:40.045,0.538695,10.55843,-1.022324
01-Feb-2025 18:30:40.205,-0.521936,10.888829,-0.079009
01-Feb-2025 18:30:40.365,0.122104,10.223241,-0.347159
01-Feb-2025 18:30:40.525,-0.220267,9.478644,-0.61531
01-Feb-2025 18:30:40.685,0.086191,9.773131,-0.646434
01-Feb-2025 18:30:40.845,0.876278,11.022904,-0.876278
01-Feb-2025 18:30:41.005,1.288081,7.120356,-0.260968
01-Feb-2025 18:30:41.165,0.797269,9.299079,-0.727837
01-Feb-2025 18:30:41.325,1.012747,10.093954,-0.179565
01-Feb-2025 18:30:41.485,1.027112,10.429143,-0.395043
01-Feb-2025 18:30:41.646,-0.905008,8.350976,-0.964863
01-Feb-2025 18:30:41.806,-0.208296,10.029311,-0.45011
01-Feb-2025 18:30:41.966,-0.464475,10.299856,-0.622492
01-Feb-2025 18:30:42.126,0.007183,10.026917,-0.509965
01-Feb-2025 18:30:42.286,0.399832,10.149021,-0.758962
01-Feb-2025 18:30:42.446,1.467646,9.938332,-0.146046
01-Feb-2025 18:30:42.606,1.012747,10.081984,-0.555455
01-Feb-2025 18:30:42.766,1.204283,9.495404,-0.426168
01-Feb-2025 18:30:42.926,0.964863,9.80665,-0.749385
01-Feb-2025 18:30:43.086,0.368707,9.809045,-0.926556
01-Feb-2025 18:30:43.246,0.486023,10.225636,-0.361524
01-Feb-2025 18:30:43.406,-0.984017,8.415619,-0.574608
01-Feb-2025 18:30:43.566,-0.56982,8.729259,-0.845153
01-Feb-2025 18:30:43.726,-0.617704,9.655815,-0.366313
01-Feb-2025 18:30:43.886,-0.169988,10.172963,0.057461
01-Feb-2025 18:30:44.046,0.960075,9.435549,0.203507
01-Feb-2025 18:30:44.206,0.893037,10.915166,-0.102951
01-Feb-2025 18:30:44.366,0.931344,9.19134,-0.957681
01-Feb-2025 18:30:44.526,0.885855,9.923966,-0.909797
01-Feb-2025 18:30:44.687,-0.567426,12.449849,-0.268151
01-Feb-2025 18:30:44.847,-0.409408,8.580819,-0.61531
01-Feb-2025 18:30:45.007,0.878672,8.798691,-0.56982
01-Feb-2025 18:30:45.167,0.356736,9.241618,-0.622492
01-Feb-2025 18:30:45.327,0.718261,10.326192,-0.97444
01-Feb-2025 18:30:45.487,1.182736,9.023746,0.071826
01-Feb-2025 18:30:45.647,0.85473,10.986992,0.301669
01-Feb-2025 18:30:45.807,0.88346,9.062054,-0.826
01-Feb-2025 18:30:45.967,0.969652,11.159374,-0.627281
01-Feb-2025 18:30:46.127,-0.081403,10.041282,0.229843
01-Feb-2025 18:30:46.287,0.921768,10.931925,0.483629
01-Feb-2025 18:30:46.447,0.055067,9.009381,-0.790087
01-Feb-2025 18:30:46.607,0.435745,9.531317,-1.046266
01-Feb-2025 18:30:46.767,0.833182,11.614272,-0.45011
01-Feb-2025 18:30:46.927,1.726219,7.862558,0.385466
01-Feb-2025 18:30:47.088,0.897826,8.59279,-0.61531
01-Feb-2025 18:30:47.248,0.45011,9.739613,-0.579397
01-Feb-2025 18:30:47.408,1.448492,10.948685,-0.325611
01-Feb-2025 18:30:47.568,-1.218649,7.817069,0.251391
01-Feb-2025 18:30:47.728,0.244209,9.141062,-0.287304
01-Feb-2025 18:30:47.888,0.181959,9.138668,-0.76375
01-Feb-2025 18:30:48.048,0.057461,10.455479,-0.337582
01-Feb-2025 18:30:48.208,0.670376,10.601525,0.684742
01-Feb-2025 18:30:48.368,0.07422,11.154586,0.232238
01-Feb-2025 18:30:48.528,0.988805,9.224859,-0.612916
01-Feb-2025 18:30:48.688,0.646434,10.350134,-0.730232
01-Feb-2025 18:30:48.848,-0.517148,11.077971,0.07422
01-Feb-2025 18:30:49.009,-0.933739,9.588778,0.308852
01-Feb-2025 18:30:49.169,-0.270545,8.985439,0.055067
01-Feb-2025 18:30:49.329,-0.19393,9.746795,0.002394
01-Feb-2025 18:30:49.489,1.580173,13.062764,0.043096
01-Feb-2025 18:30:49.649,0.845153,11.652579,-0.155623
01-Feb-2025 18:30:49.809,0.612916,8.932767,-0.577003
01-Feb-2025 18:30:49.969,1.436521,9.969456,-0.505177
01-Feb-2025 18:30:50.129,1.137246,10.445902,-0.790087
01-Feb-2025 18:30:50.289,-0.708684,8.90643,-0.138864
01-Feb-2025 18:30:50.449,-0.574608,10.520123,-0.395043
01-Feb-2025 18:30:50.609,-0.390255,10.04607,-0.399832
01-Feb-2025 18:30:50.770,-0.225055,9.734824,-0.318429
01-Feb-2025 18:30:50.930,0.318429,11.133038,0.167594
01-Feb-2025 18:30:51.090,0.782904,8.571242,0.533907
01-Feb-2025 18:30:51.250,1.946486,10.711658,0.430956
01-Feb-2025 18:30:51.410,1.199495,8.664616,-0.385466
01-Feb-2025 18:30:51.570,0.727837,10.187328,-0.433351
01-Feb-2025 18:30:51.730,0.670376,10.546458,-0.457293
01-Feb-2025 18:30:51.890,0.126893,10.97502,0.581791
01-Feb-2025 18:30:52.051,-0.011971,9.483433,0.335188
01-Feb-2025 18:30:52.211,0.055067,9.200917,-0.220267
01-Feb-2025 18:30:52.371,0.102951,10.536881,0.684742
01-Feb-2025 18:30:52.531,0.761356,12.425907,1.074997
01-Feb-2025 18:30:52.691,1.472434,8.925584,0.081403
01-Feb-2025 18:30:52.851,1.06542,8.99741,-0.248997
01-Feb-2025 18:30:53.011,0.852336,9.595961,-0.823605
01-Feb-2025 18:30:53.171,0.612916,11.125855,-0.933739
01-Feb-2025 18:30:53.332,-0.581791,8.686164,0.486023
01-Feb-2025 18:30:53.492,0.667982,9.787497,0.339977
01-Feb-2025 18:30:53.652,0.189142,9.41879,-0.849942
01-Feb-2025 18:30:53.812,0.574608,10.304645,-0.847547
01-Feb-2025 18:30:53.972,0.866701,11.554418,-0.277727
01-Feb-2025 18:30:54.132,1.261744,8.497022,-0.531513
01-Feb-2025 18:30:54.292,0.936133,8.822633,-0.756568
01-Feb-2025 18:30:54.452,0.761356,9.880871,-0.902614
01-Feb-2025 18:30:54.612,0.744597,10.639832,-0.593762
01-Feb-2025 18:30:54.773,-0.229843,8.482656,0.050278
01-Feb-2025 18:30:54.933,-0.251391,9.5385,-0.538695
01-Feb-2025 18:30:55.093,-0.067038,9.287108,-0.895431
01-Feb-2025 18:30:55.253,0.292093,10.850522,-1.113304
01-Feb-2025 18:30:55.413,0.371101,10.989386,-1.043872
01-Feb-2025 18:30:55.573,2.06859,8.403648,0.014365
01-Feb-2025 18:30:55.733,1.022324,9.287108,-0.603339
01-Feb-2025 18:30:55.893,1.391031,9.727641,-0.490811
01-Feb-2025 18:30:56.053,1.537078,11.544841,-0.325611
01-Feb-2025 18:30:56.213,-1.21386,7.814674,0.241814
01-Feb-2025 18:30:56.373,0.050278,8.588001,-0.433351
01-Feb-2025 18:30:56.533,-0.158017,9.950302,-0.445322
01-Feb-2025 18:30:56.693,0.306458,10.682928,0.07422
01-Feb-2025 18:30:56.853,1.154005,8.295909,0.526724
01-Feb-2025 18:30:57.013,0.641646,12.37084,-0.349553
01-Feb-2025 18:30:57.174,0.430956,8.865729,-0.782904
01-Feb-2025 18:30:57.334,0.457293,10.010158,-0.794875
01-Feb-2025 18:30:57.494,-0.770933,9.49301,0.033519
01-Feb-2025 18:30:57.654,-0.402226,9.526528,0.071826
01-Feb-2025 18:30:57.814,-0.445322,11.03727,-0.320823
01-Feb-2025 18:30:57.974,-1.067814,10.093954,-0.318429
01-Feb-2025 18:30:58.134,-0.835576,9.490616,-0.488417
01-Feb-2025 18:30:58.294,-0.294487,9.861717,-0.672771
01-Feb-2025 18:30:58.454,0.509965,9.65821,-0.474052
01-Feb-2025 18:30:58.614,1.47004,10.905589,-1.070208
01-Feb-2025 18:30:58.774,1.237802,8.542512,-0.938527
01-Feb-2025 18:30:58.934,0.969652,10.050858,-1.06542
01-Feb-2025 18:30:59.094,0.931344,10.34774,-0.608127
01-Feb-2025 18:30:59.254,0.490811,11.829751,0.682347
01-Feb-2025 18:30:59.414,-0.885855,8.267179,0.454898
01-Feb-2025 18:30:59.574,-0.131681,9.308656,-0.263362
01-Feb-2025 18:30:59.735,-0.167594,9.682152,-0.761356
01-Feb-2025 18:30:59.895,0.574608,10.639832,-0.565032
01-Feb-2025 18:31:00.055,0.632069,11.549629,0.320823
01-Feb-2025 18:31:00.215,1.477222,10.714052,-0.062249
01-Feb-2025 18:31:00.375,0.56982,8.702923,-1.074997
01-Feb-2025 18:31:00.535,0.871489,9.603143,-0.80924
01-Feb-2025 18:31:00.695,-0.088585,12.595895,-0.237026
01-Feb-2025 18:31:00.855,-0.612916,8.959103,-0.967257
01-Feb-2025 18:31:01.015,-0.035913,8.482656,-1.036689
01-Feb-2025 18:31:01.175,0.203507,9.562442,-1.261744
01-Feb-2025 18:31:01.336,0.186748,10.170568,-1.031901
01-Feb-2025 18:31:01.496,0.059855,10.342952,-0.191536
01-Feb-2025 18:31:01.656,1.278504,10.905589,-0.277727
01-Feb-2025 18:31:01.816,0.45011,8.626308,-1.434127
01-Feb-2025 18:31:01.976,1.060631,9.361329,-1.089362
01-Feb-2025 18:31:02.136,-0.134075,11.690886,-0.56982
01-Feb-2025 18:31:02.296,-0.536301,7.472303,-0.402226
01-Feb-2025 18:31:02.456,0.416591,9.002198,-0.699107
01-Feb-2025 18:31:02.616,0.146046,9.65821,-1.134852
01-Feb-2025 18:31:02.776,-0.167594,10.919954,-0.004788
01-Feb-2025 18:31:02.936,1.788469,8.920795,-0.332794
01-Feb-2025 18:31:03.096,0.148441,10.16578,-0.213084
01-Feb-2025 18:31:03.256,0.794875,9.473856,-1.223437
01-Feb-2025 18:31:03.416,0.80924,10.601525,-1.608904
01-Feb-2025 18:31:03.576,-0.684742,9.950302,-0.205901
01-Feb-2025 18:31:03.737,0.708684,10.053253,-0.727837
01-Feb-2025 18:31:03.897,0.349553,8.75799,-0.964863
01-Feb-2025 18:31:04.057,0.217872,9.876082,-0.981623
01-Feb-2025 18:31:04.217,1.216254,12.780249,-0.311246
01-Feb-2025 18:31:04.377,1.256956,9.028535,-0.3304
01-Feb-2025 18:31:04.537,1.036689,8.863335,-0.950498
01-Feb-2025 18:31:04.697,0.610521,9.581595,-1.015141
01-Feb-2025 18:31:04.857,1.18513,10.881647,-1.235408
01-Feb-2025 18:31:05.017,-1.321599,8.678981,-0.351948
01-Feb-2025 18:31:05.177,0.055067,9.847352,0.225055
01-Feb-2025 18:31:05.337,-0.275333,9.19134,-0.387861
01-Feb-2025 18:31:05.498,0.160412,10.21127,-0.275333
01-Feb-2025 18:31:05.658,0.325611,10.862494,-0.277727
01-Feb-2025 18:31:05.818,0.392649,11.152191,-0.280122
01-Feb-2025 18:31:05.978,0.237026,9.114726,-0.648829
01-Feb-2025 18:31:06.138,0.304064,10.390836,-0.859518
01-Feb-2025 18:31:06.298,-0.694318,9.351752,-0.529119
01-Feb-2025 18:31:06.458,-0.68953,9.698911,-0.146046
01-Feb-2025 18:31:06.618,-0.70629,10.184934,-0.380678
01-Feb-2025 18:31:06.778,-0.42138,10.292673,0.177171
01-Feb-2025 18:31:06.938,-0.78051,9.770737,-0.37589
01-Feb-2025 18:31:07.098,-0.737414,10.070012,-0.320823
01-Feb-2025 18:31:07.258,1.417367,8.540117,-0.430956
01-Feb-2025 18:31:07.418,1.077391,10.208876,-0.921768
01-Feb-2025 18:31:07.578,0.94571,9.390059,-0.857124
01-Feb-2025 18:31:07.738,0.617704,10.089166,-0.893037
01-Feb-2025 18:31:07.899,0.141258,12.093113,-0.699107
01-Feb-2025 18:31:08.059,-0.605733,7.467515,0.45011
01-Feb-2025 18:31:08.219,-0.160412,9.234436,-0.162806
01-Feb-2025 18:31:08.379,-0.584185,9.986216,-0.471658
01-Feb-2025 18:31:08.539,-0.064643,11.671733,-0.217872
01-Feb-2025 18:31:08.699,1.42455,7.819463,0.490811
01-Feb-2025 18:31:08.859,0.828394,9.622296,-0.557849
01-Feb-2025 18:31:09.019,0.76375,9.818622,-0.833182
01-Feb-2025 18:31:09.179,1.216254,10.584765,-0.447716
01-Feb-2025 18:31:09.339,0.268151,10.216059,0.768539
01-Feb-2025 18:31:09.499,-0.263362,10.670957,0.507571
01-Feb-2025 18:31:09.659,-0.002394,9.490616,-0.464475
01-Feb-2025 18:31:09.819,0.086191,10.591949,-1.149217
01-Feb-2025 18:31:09.979,0.641646,11.291056,-0.399832
01-Feb-2025 18:31:10.139,1.944092,10.862494,-0.203507
01-Feb-2025 18:31:10.299,0.914585,8.980651,-0.610521
01-Feb-2025 18:31:10.460,1.228225,9.816227,-1.091756
01-Feb-2025 18:31:10.620,-0.213084,12.260707,-0.538695
01-Feb-2025 18:31:10.780,-0.131681,9.165004,0.014365
01-Feb-2025 18:31:10.940,0.083797,8.635885,-0.663194
01-Feb-2025 18:31:11.100,0.622492,9.639056,-0.64404
01-Feb-2025 18:31:11.260,0.790087,11.45865,-1.338359
01-Feb-2025 18:31:11.420,1.699883,7.599196,-0.131681
01-Feb-2025 18:31:11.580,0.823605,8.508993,-0.967257
01-Feb-2025 18:31:11.740,0.588974,9.603143,-1.120486
01-Feb-2025 18:31:11.900,0.873884,10.867282,-1.328782
01-Feb-2025 18:31:12.060,-0.550666,9.358934,-0.227449
01-Feb-2025 18:31:12.220,-0.220267,10.263943,0.04549
01-Feb-2025 18:31:12.380,-0.023942,9.883265,-0.667982
01-Feb-2025 18:31:12.540,0.248997,10.081984,-0.847547
01-Feb-2025 18:31:12.701,0.361524,12.208035,0.043096
01-Feb-2025 18:31:12.861,0.746991,10.730812,-0.122104
01-Feb-2025 18:31:13.021,0.869095,8.892065,-1.000776
01-Feb-2025 18:31:13.181,0.76375,9.416395,-1.06542
01-Feb-2025 18:31:13.341,-0.112527,12.564771,-0.308852
01-Feb-2025 18:31:13.501,-0.280122,8.532935,-0.758962
01-Feb-2025 18:31:13.661,-0.098162,8.810662,-0.991199
01-Feb-2025 18:31:13.821,-0.114922,9.452309,-0.596156
01-Feb-2025 18:31:13.981,1.034295,12.363658,-1.029507
01-Feb-2025 18:31:14.141,0.821211,7.807492,-0.847547
01-Feb-2025 18:31:14.301,0.778116,9.131485,-1.197101
01-Feb-2025 18:31:14.462,0.54109,10.093954,-1.302446
01-Feb-2025 18:31:14.622,0.258574,10.218452,-1.199495
01-Feb-2025 18:31:14.782,0.035913,8.892065,-0.758962
01-Feb-2025 18:31:14.942,-0.653617,9.176975,-0.608127
01-Feb-2025 18:31:15.102,-1.599327,9.660604,-0.457293
01-Feb-2025 18:31:15.262,-1.264138,10.833763,-0.318429
01-Feb-2025 18:31:15.422,-0.562637,10.065224,-0.143652
01-Feb-2025 18:31:15.582,-0.584185,10.16578,-0.292093
01-Feb-2025 18:31:15.742,0.56982,9.718064,-0.397437
01-Feb-2025 18:31:15.902,-0.076614,10.299856,-0.859518
01-Feb-2025 18:31:16.062,0.852336,9.066842,-1.043872
01-Feb-2025 18:31:16.222,0.852336,9.459491,-0.90022
01-Feb-2025 18:31:16.382,0.792481,10.817003,-0.732626
01-Feb-2025 18:31:16.543,0.347159,11.118672,-0.555455
01-Feb-2025 18:31:16.703,-0.672771,8.240842,0.047884
01-Feb-2025 18:31:16.863,-0.105345,9.275137,-0.804452
01-Feb-2025 18:31:17.023,-0.055067,9.861717,-0.873884
01-Feb-2025 18:31:17.183,-0.229843,10.474632,-0.490811
01-Feb-2025 18:31:17.343,0.225055,10.838552,-0.158017
01-Feb-2025 18:31:17.503,1.484405,10.714052,-0.316035
01-Feb-2025 18:31:17.663,0.555455,9.021352,-0.718261
01-Feb-2025 18:31:17.823,1.113304,9.380483,-1.431733
01-Feb-2025 18:31:17.983,0.919373,11.135432,-1.908179
01-Feb-2025 18:31:18.143,-1.163582,7.785944,-1.422156
01-Feb-2025 18:31:18.303,-0.919373,8.662222,-1.596933
01-Feb-2025 18:31:18.464,-0.466869,9.28232,-1.529895
01-Feb-2025 18:31:18.624,0.004788,10.16578,-0.914585
01-Feb-2025 18:31:18.784,0.720655,8.166622,-0.948104
01-Feb-2025 18:31:18.944,1.070208,10.18254,-0.624887
01-Feb-2025 18:31:19.104,1.132457,9.888053,-1.201889
01-Feb-2025 18:31:19.264,0.893037,10.577583,-1.039083
01-Feb-2025 18:31:19.424,-0.794875,9.40203,-0.126893
01-Feb-2025 18:31:19.584,0.11971,9.291897,-0.332794
01-Feb-2025 18:31:19.744,-0.40462,9.607931,-0.665588
01-Feb-2025 18:31:19.904,0.229843,10.431537,-0.512359
01-Feb-2025 18:31:20.064,0.529119,10.94629,-0.656011
01-Feb-2025 18:31:20.224,1.290475,8.626308,-0.687136
01-Feb-2025 18:31:20.385,1.051055,8.449138,-1.149217
01-Feb-2025 18:31:20.545,0.68953,9.713276,-0.85473
01-Feb-2025 18:31:20.705,1.570596,11.975797,-1.465251
01-Feb-2025 18:31:20.865,-1.036689,8.204929,-1.134852
01-Feb-2025 18:31:21.025,0.483629,8.030152,-0.933739
01-Feb-2025 18:31:21.185,-0.055067,9.440337,-1.022324
01-Feb-2025 18:31:21.345,0.124498,10.122684,-1.005565
01-Feb-2025 18:31:21.505,0.366313,11.279084,-0.505177
01-Feb-2025 18:31:21.665,1.154005,11.168951,-0.186748
01-Feb-2025 18:31:21.825,1.024718,8.702923,-0.584185
01-Feb-2025 18:31:21.985,0.787692,9.267955,-0.78051
01-Feb-2025 18:31:22.145,1.328782,11.121067,-1.125275
01-Feb-2025 18:31:22.305,-0.667982,7.544129,0.28491
01-Feb-2025 18:31:22.465,0.277727,8.537724,-0.430956
01-Feb-2025 18:31:22.625,0.407014,9.423578,-0.826
01-Feb-2025 18:31:22.785,0.603339,10.534488,-0.148441
01-Feb-2025 18:31:22.945,0.42138,11.192893,0.361524
01-Feb-2025 18:31:23.105,1.063026,11.927913,0.112527
01-Feb-2025 18:31:23.265,0.957681,9.155427,-0.675165
01-Feb-2025 18:31:23.425,1.16837,10.026917,-0.727837
01-Feb-2025 18:31:23.585,0.25618,10.694899,-0.011971
01-Feb-2025 18:31:23.746,-0.988805,8.559271,-0.191536
01-Feb-2025 18:31:23.906,-0.296881,9.490616,-0.105345
01-Feb-2025 18:31:24.066,-0.023942,9.595961,-0.519542
01-Feb-2025 18:31:24.226,0.258574,10.026917,-0.368707
01-Feb-2025 18:31:24.386,1.331176,8.949526,0.483629
01-Feb-2025 18:31:24.546,0.356736,10.407595,-0.349553
01-Feb-2025 18:31:24.706,0.627281,9.409213,-0.373495
01-Feb-2025 18:31:24.866,0.09098,10.18254,-0.490811
01-Feb-2025 18:31:25.026,-0.88346,9.229648,-0.304064
01-Feb-2025 18:31:25.186,-1.256956,9.85214,0.31364
01-Feb-2025 18:31:25.346,-1.216254,10.031705,-0.227449
01-Feb-2025 18:31:25.506,-1.031901,10.043676,-0.430956
01-Feb-2025 18:31:25.666,-0.533907,9.3733,-0.124498
01-Feb-2025 18:31:25.826,0.653617,9.26556,-0.050278
01-Feb-2025 18:31:25.986,1.156399,10.986992,-0.869095
01-Feb-2025 18:31:26.146,1.16837,8.987833,-1.211466
01-Feb-2025 18:31:26.307,1.058237,9.73243,-1.137246
01-Feb-2025 18:31:26.467,1.077391,10.55843,-1.086968
01-Feb-2025 18:31:26.627,-1.051055,9.074024,0.52433
01-Feb-2025 18:31:26.787,-0.177171,10.077195,0.174777
01-Feb-2025 18:31:26.947,-0.488417,10.110714,-0.529119
01-Feb-2025 18:31:27.107,-0.162806,9.64145,-0.186748
01-Feb-2025 18:31:27.267,0.687136,12.679692,-0.562637
01-Feb-2025 18:31:27.427,1.393425,7.754819,-0.418985
01-Feb-2025 18:31:27.587,1.211466,9.030929,-0.514753
01-Feb-2025 18:31:27.747,1.493982,9.737218,-0.888249
01-Feb-2025 18:31:27.907,1.25935,12.117055,-0.656011
01-Feb-2025 18:31:28.068,-1.041478,7.697359,0.038307
01-Feb-2025 18:31:28.228,0.186748,8.564059,-0.639252
01-Feb-2025 18:31:28.388,-0.246603,9.840169,-0.881066
01-Feb-2025 18:31:28.548,-0.067038,10.793061,-0.428562
01-Feb-2025 18:31:28.708,1.096544,9.165004,0.462081
01-Feb-2025 18:31:28.868,-0.038307,10.879252,-0.153229
01-Feb-2025 18:31:29.028,0.797269,9.141062,-0.725443
01-Feb-2025 18:31:29.188,0.596156,10.55843,-0.823605
01-Feb-2025 18:31:29.348,-0.622492,11.614272,0.047884
01-Feb-2025 18:31:29.508,0.287304,8.540117,0.28491
01-Feb-2025 18:31:29.668,0.339977,8.987833,-0.014365
01-Feb-2025 18:31:29.829,-0.292093,9.31105,-0.500388
01-Feb-2025 18:31:29.989,0.270545,10.912771,-1.101333
01-Feb-2025 18:31:30.149,0.588974,7.644686,-0.007183
01-Feb-2025 18:31:30.309,0.136469,10.141838,-0.11971
01-Feb-2025 18:31:30.469,0.727837,9.502586,-0.869095
01-Feb-2025 18:31:30.629,0.378284,11.259931,-0.711078
01-Feb-2025 18:31:30.789,-0.505177,9.399636,-0.155623
01-Feb-2025 18:31:30.949,-0.198719,10.247183,0.04549
01-Feb-2025 18:31:31.109,-0.339977,9.715671,-0.447716
01-Feb-2025 18:31:31.269,-0.043096,10.515334,-0.555455
01-Feb-2025 18:31:31.429,0.268151,11.343728,-0.002394
01-Feb-2025 18:31:31.589,1.228225,10.560823,0.023942
01-Feb-2025 18:31:31.750,0.452504,8.896853,-1.046266
01-Feb-2025 18:31:31.910,1.058237,9.478644,-1.551443
01-Feb-2025 18:31:32.070,-0.275333,12.504915,-2.094927
01-Feb-2025 18:31:32.230,-0.624887,11.554418,-0.320823
01-Feb-2025 18:31:32.390,-0.486023,10.817003,-0.383072
01-Feb-2025 18:31:32.550,-0.565032,10.278308,-0.629675
01-Feb-2025 18:31:32.710,-0.543484,10.125079,-0.785298
01-Feb-2025 18:31:32.870,-0.220267,10.529699,-0.78051
01-Feb-2025 18:31:33.030,0.191536,10.254366,-0.557849
01-Feb-2025 18:31:33.191,0.325611,9.895236,-0.667982
01-Feb-2025 18:31:33.351,0.452504,9.78989,-0.770933
01-Feb-2025 18:31:33.511,0.471658,10.134656,-0.890643
01-Feb-2025 18:31:33.671,-0.581791,9.727641,0.155623
01-Feb-2025 18:31:33.831,-0.416591,9.497798,-0.268151
01-Feb-2025 18:31:33.991,-0.471658,9.730036,-0.232238
01-Feb-2025 18:31:34.151,-0.4956,9.78989,-0.23942
01-Feb-2025 18:31:34.311,-0.380678,9.737218,-0.287304
01-Feb-2025 18:31:34.472,-0.332794,9.605537,-0.40462
01-Feb-2025 18:31:34.632,0.059855,9.935937,-0.620098
01-Feb-2025 18:31:34.792,0.220267,9.653421,-0.727837
01-Feb-2025 18:31:34.952,0.323217,9.720459,-0.73502
01-Feb-2025 18:31:35.112,0.351948,10.079589,-0.663194
01-Feb-2025 18:31:35.272,-0.445322,8.916007,0.150835
01-Feb-2025 18:31:35.432,-0.521936,9.560047,-0.107739
01-Feb-2025 18:31:35.592,-0.380678,9.157822,-0.797269
01-Feb-2025 18:31:35.753,-0.387861,9.662998,-0.677559
01-Feb-2025 18:31:35.913,-0.136469,9.900024,-0.804452
01-Feb-2025 18:31:36.073,0.272939,12.562376,0.038307
01-Feb-2025 18:31:36.233,1.817199,8.801085,-0.260968
01-Feb-2025 18:31:36.393,1.501164,8.856153,-0.806846
01-Feb-2025 18:31:36.553,1.007959,9.425972,-1.130063
01-Feb-2025 18:31:36.713,1.173159,10.726024,-1.158794
01-Feb-2025 18:31:36.873,-0.198719,9.030929,-0.016759
01-Feb-2025 18:31:37.034,0.505177,9.804255,-0.383072
01-Feb-2025 18:31:37.194,0.339977,9.581595,-0.905008
01-Feb-2025 18:31:37.354,0.452504,10.261548,-0.837971
01-Feb-2025 18:31:37.514,0.684742,11.130644,-0.905008
01-Feb-2025 18:31:37.674,1.611298,8.197746,-0.581791
01-Feb-2025 18:31:37.834,0.912191,8.841787,-1.091756
01-Feb-2025 18:31:37.994,1.027112,9.725247,-1.218649
01-Feb-2025 18:31:38.154,1.61848,10.709264,-1.37906
01-Feb-2025 18:31:38.315,-0.713472,8.152257,-0.04549
01-Feb-2025 18:31:38.475,0.232238,8.710106,-0.610521
01-Feb-2025 18:31:38.635,-0.009577,9.674969,-0.890643
01-Feb-2025 18:31:38.795,-0.088585,10.34774,-0.773327
01-Feb-2025 18:31:38.955,0.610521,10.551247,-0.172383
01-Feb-2025 18:31:39.115,1.429338,11.128249,-0.73502
01-Feb-2025 18:31:39.275,0.761356,8.588001,-0.861913
01-Feb-2025 18:31:39.435,1.11091,9.488221,-1.067814
01-Feb-2025 18:31:39.595,-0.940921,12.315774,0.529119
01-Feb-2025 18:31:39.755,-0.23942,9.074024,-0.181959
01-Feb-2025 18:31:39.916,-0.141258,8.966286,-0.35913
01-Feb-2025 18:31:40.076,-0.007183,9.461885,-1.137246
01-Feb-2025 18:31:40.236,0.617704,11.575965,-1.051055
01-Feb-2025 18:31:40.396,0.6608,7.038953,0.114922
01-Feb-2025 18:31:40.556,1.513135,9.229648,-0.632069
01-Feb-2025 18:31:40.716,0.61531,9.591172,-1.09415
01-Feb-2025 18:31:40.876,1.963245,11.348516,-1.517924
01-Feb-2025 18:31:41.036,0.167594,9.959879,-0.416591
01-Feb-2025 18:31:41.196,-0.169988,10.448297,-0.392649
01-Feb-2025 18:31:41.356,0.124498,8.777143,-0.902614
01-Feb-2025 18:31:41.517,0.134075,9.639056,-0.373495
01-Feb-2025 18:31:41.677,0.931344,11.520899,-0.960075
01-Feb-2025 18:31:41.837,0.873884,7.400477,0.07422
01-Feb-2025 18:31:41.997,0.033519,9.370906,-0.845153
01-Feb-2025 18:31:42.157,0.802058,9.710882,-0.519542
01-Feb-2025 18:31:42.317,-0.031125,10.958261,-0.653617
01-Feb-2025 18:31:42.477,-0.804452,10.139444,-0.213084
01-Feb-2025 18:31:42.637,-0.634463,9.251195,0.062249
01-Feb-2025 18:31:42.797,-0.92895,9.82341,-0.40462
01-Feb-2025 18:31:42.957,-0.679953,10.69011,-0.141258
01-Feb-2025 18:31:43.117,-0.373495,9.89763,0.203507
01-Feb-2025 18:31:43.277,0.067038,9.97185,-0.19393
01-Feb-2025 18:31:43.437,1.082179,8.932767,-0.062249
01-Feb-2025 18:31:43.597,0.828394,11.123461,-0.718261
01-Feb-2025 18:31:43.757,0.708684,8.983045,-0.818817
01-Feb-2025 18:31:43.917,0.703895,9.653421,-1.103727
01-Feb-2025 18:31:44.078,1.393425,10.96305,-0.622492
01-Feb-2025 18:31:44.238,-1.580173,9.560047,1.005565
01-Feb-2025 18:31:44.398,-0.265756,9.222465,0.28491
01-Feb-2025 18:31:44.558,-0.768539,9.94312,-0.004788
01-Feb-2025 18:31:44.718,-0.205901,9.991004,0.086191
01-Feb-2025 18:31:44.878,0.701501,11.365275,0.411803
01-Feb-2025 18:31:45.038,1.352724,9.923966,-0.050278
01-Feb-2025 18:31:45.198,0.924162,8.614338,-0.4956
01-Feb-2025 18:31:45.358,0.744597,10.156203,-0.830788
01-Feb-2025 18:31:45.518,-0.344765,12.093113,0.560243
01-Feb-2025 18:31:45.679,-1.031901,8.516175,-0.150835
01-Feb-2025 18:31:45.839,-0.306458,8.283937,-0.378284
01-Feb-2025 18:31:45.999,-0.234632,9.509769,-0.490811
01-Feb-2025 18:31:46.159,0.579397,11.293449,-0.497994
01-Feb-2025 18:31:46.319,1.594538,6.493075,0.277727
01-Feb-2025 18:31:46.479,0.59855,10.263943,-0.280122
01-Feb-2025 18:31:46.639,0.68953,9.301474,-0.902614
01-Feb-2025 18:31:46.800,0.553061,11.056423,-0.828394
01-Feb-2025 18:31:46.960,-0.1652,11.178528,-0.3304
01-Feb-2025 18:31:47.120,0.160412,10.251971,-0.04549
01-Feb-2025 18:31:47.280,-0.172383,9.349358,-0.146046
01-Feb-2025 18:31:47.440,0.160412,10.04607,-0.790087
01-Feb-2025 18:31:47.600,0.646434,10.338163,-1.149217
01-Feb-2025 18:31:47.760,0.167594,9.734824,0.208296
01-Feb-2025 18:31:47.921,0.533907,10.333375,0.308852
01-Feb-2025 18:31:48.081,1.108515,9.507375,0.42138
01-Feb-2025 18:31:48.241,1.374272,10.548853,-0.064643
01-Feb-2025 18:31:48.401,-0.174777,11.779472,1.211466
01-Feb-2025 18:31:48.561,-0.016759,9.768343,0.28491
01-Feb-2025 18:31:48.721,-0.155623,9.217676,-0.471658
01-Feb-2025 18:31:48.881,-0.217872,9.516952,-0.474052
01-Feb-2025 18:31:49.041,0.567426,10.601525,-0.864307
01-Feb-2025 18:31:49.201,1.218649,8.267179,0.440533
01-Feb-2025 18:31:49.361,0.490811,10.103531,0.213084
01-Feb-2025 18:31:49.521,0.811634,9.234436,-0.785298
01-Feb-2025 18:31:49.682,0.658405,11.099519,-0.476446
01-Feb-2025 18:31:49.842,-0.373495,10.836157,0.050278
01-Feb-2025 18:31:50.002,0.153229,10.230424,0.241814
01-Feb-2025 18:31:50.162,0.186748,8.973468,-0.351948
01-Feb-2025 18:31:50.322,0.687136,9.28232,0.100556
01-Feb-2025 18:31:50.482,1.144428,12.176909,-0.057461
01-Feb-2025 18:31:50.642,1.271321,8.027759,-0.215478
01-Feb-2025 18:31:50.802,0.773327,8.836999,-1.017536
01-Feb-2025 18:31:50.962,0.861913,9.239224,-1.09415
01-Feb-2025 18:31:51.122,0.474052,10.409989,-1.410185
01-Feb-2025 18:31:51.282,0.033519,9.586384,-0.411803
01-Feb-2025 18:31:51.443,-0.97444,8.688558,-0.342371
01-Feb-2025 18:31:51.603,-0.751779,10.414778,-0.052672
01-Feb-2025 18:31:51.763,-1.077391,9.375694,0.1652
01-Feb-2025 18:31:51.923,-0.897826,10.503363,0.507571
01-Feb-2025 18:31:52.083,-1.015141,9.648633,0.349553
01-Feb-2025 18:31:52.243,0.572214,8.99741,0.155623
01-Feb-2025 18:31:52.403,0.37589,10.048465,-0.162806
01-Feb-2025 18:31:52.563,0.737414,9.919178,-0.459687
01-Feb-2025 18:31:52.723,0.720655,9.607931,-0.237026
01-Feb-2025 18:31:52.884,0.402226,11.903971,-0.031125
01-Feb-2025 18:31:53.044,-0.969652,8.896853,0.387861
01-Feb-2025 18:31:53.204,-0.296881,10.802638,0.253785
01-Feb-2025 18:31:53.364,-0.577003,8.753201,-0.265756
01-Feb-2025 18:31:53.524,-0.459687,9.962274,-0.186748
01-Feb-2025 18:31:53.684,0.280122,10.081984,-0.093374
01-Feb-2025 18:31:53.844,1.671153,8.310274,0.694318
01-Feb-2025 18:31:54.004,0.708684,10.795456,0.201113
01-Feb-2025 18:31:54.164,1.017536,8.937555,-0.919373
01-Feb-2025 18:31:54.325,1.151611,10.216059,-0.792481
01-Feb-2025 18:31:54.485,0.201113,12.473791,0.440533
01-Feb-2025 18:31:54.645,0.909797,10.591949,0.866701
01-Feb-2025 18:31:54.805,0.435745,8.564059,-0.462081
01-Feb-2025 18:31:54.965,0.316035,9.653421,-0.447716
01-Feb-2025 18:31:55.125,0.639252,10.424355,-0.476446
01-Feb-2025 18:31:55.285,1.869871,7.544129,0.629675
01-Feb-2025 18:31:55.445,0.545878,10.060435,-0.220267
01-Feb-2025 18:31:55.605,0.952892,9.792285,-0.682347
01-Feb-2025 18:31:55.766,1.005565,10.462662,-0.837971
01-Feb-2025 18:31:55.926,-0.600945,9.94312,0.316035
01-Feb-2025 18:31:56.086,-0.737414,10.512939,0.138864
01-Feb-2025 18:31:56.246,-0.617704,9.198523,-0.56982
01-Feb-2025 18:31:56.406,-0.562637,9.715671,-0.804452
01-Feb-2025 18:31:56.566,0.677559,10.651803,-1.288081
01-Feb-2025 18:31:56.726,0.969652,8.267179,-0.562637
01-Feb-2025 18:31:56.886,0.112527,11.030087,-0.361524
01-Feb-2025 18:31:57.046,1.060631,9.43076,-0.806846
01-Feb-2025 18:31:57.207,0.632069,10.821792,-0.311246
01-Feb-2025 18:31:57.367,0.667982,7.639898,-0.612916
01-Feb-2025 18:31:57.527,0.019154,9.062054,-0.502782
01-Feb-2025 18:31:57.547,-0.009577,8.717288,-0.328006
01-Feb-2025 18:31:57.567,-0.114922,8.746018,-0.392649
01-Feb-2025 18:31:57.587,0.088585,8.904037,-0.366313
01-Feb-2025 18:31:57.607,-0.055067,9.267955,-0.550666
01-Feb-2025 18:31:57.627,-0.416591,9.500193,-0.672771
01-Feb-2025 18:31:57.647,-0.521936,9.306262,-0.514753
01-Feb-2025 18:31:57.667,-0.600945,9.174581,-0.679953
01-Feb-2025 18:31:57.687,-1.197101,9.318233,-0.54109
01-Feb-2025 18:31:57.707,-0.435745,9.296685,-0.758962
01-Feb-2025 18:31:57.727,-0.40462,9.572019,-1.154005
01-Feb-2025 18:31:57.747,-0.28491,9.720459,-1.345541
01-Feb-2025 18:31:57.767,-0.442927,9.840169,-0.758962
01-Feb-2025 18:31:57.787,-0.538695,9.900024,-0.744597
01-Feb-2025 18:31:57.807,-0.325611,9.935937,-0.962469
01-Feb-2025 18:31:57.827,-0.134075,9.983821,-1.06542
01-Feb-2025 18:31:57.847,0.069432,10.000581,-0.878672
01-Feb-2025 18:31:57.867,-0.270545,10.117896,-0.730232
01-Feb-2025 18:31:57.887,0.057461,9.950302,-0.823605
01-Feb-2025 18:31:57.907,-0.107739,9.82341,-0.826
01-Feb-2025 18:31:57.927,0.002394,9.727641,-0.986411
01-Feb-2025 18:31:57.947,0.438139,9.80665,-1.242591
01-Feb-2025 18:31:57.967,0.76375,10.19451,-1.381454
01-Feb-2025 18:31:57.987,0.670376,10.874464,-1.503559
01-Feb-2025 18:31:58.007,0.876278,11.494562,-1.086968
01-Feb-2025 18:31:58.027,0.519542,12.155362,-1.21386
01-Feb-2025 18:31:58.047,0.112527,12.349293,-0.881066
01-Feb-2025 18:31:58.067,0.519542,11.597513,-0.263362
01-Feb-2025 18:31:58.087,0.773327,10.627861,0.002394
01-Feb-2025 18:31:58.107,1.338359,9.212888,-0.035913
01-Feb-2025 18:31:58.127,1.824382,7.881712,-0.301669
01-Feb-2025 18:31:58.147,1.417367,6.897695,-0.31364
01-Feb-2025 18:31:58.167,1.120486,7.043741,-0.323217
01-Feb-2025 18:31:58.187,1.233014,8.123527,-0.40462
01-Feb-2025 18:31:58.207,1.534683,9.770737,-0.430956
01-Feb-2025 18:31:58.227,1.833959,11.408371,-0.323217
01-Feb-2025 18:31:58.247,1.091756,12.349293,-0.234632
01-Feb-2025 18:31:58.267,0.153229,11.628637,-0.167594
01-Feb-2025 18:31:58.287,0.555455,10.27352,-0.21069
01-Feb-2025 18:31:58.307,0.821211,9.392453,-0.567426
01-Feb-2025 18:31:58.327,1.278504,8.927979,-0.682347
01-Feb-2025 18:31:58.347,1.103727,8.657434,-0.653617
01-Feb-2025 18:31:58.367,0.840365,8.734048,-0.531513
01-Feb-2025 18:31:58.387,1.017536,8.808268,-0.500388
01-Feb-2025 18:31:58.407,1.024718,8.74123,-0.612916
01-Feb-2025 18:31:58.427,1.063026,8.860941,-0.725443
01-Feb-2025 18:31:58.447,0.866701,9.157822,-0.612916
01-Feb-2025 18:31:58.467,0.76375,9.61272,-0.201113
01-Feb-2025 18:31:58.487,0.785298,9.842564,-0.730232
01-Feb-2025 18:31:58.506,1.072602,9.725247,-0.790087
01-Feb-2025 18:31:58.527,1.625663,9.220071,-0.088585
01-Feb-2025 18:31:58.547,1.391031,9.394848,-1.422156
01-Feb-2025 18:31:58.567,1.11091,9.629479,-1.742979
01-Feb-2025 18:31:58.587,0.852336,10.175357,-1.525106
01-Feb-2025 18:31:58.607,0.969652,10.742783,-1.807622
01-Feb-2025 18:31:58.627,0.921768,10.927136,-1.61848
01-Feb-2025 18:31:58.647,0.916979,10.934319,-1.915361
01-Feb-2025 18:31:58.668,1.431733,11.343728,-1.623269
01-Feb-2025 18:31:58.688,0.452504,12.20564,-2.178724
01-Feb-2025 18:31:58.708,-0.514753,12.543222,-1.472434
01-Feb-2025 18:31:58.728,-0.732626,12.016499,-1.077391
01-Feb-2025 18:31:58.748,-0.023942,11.216835,-0.845153
01-Feb-2025 18:31:58.768,0.186748,10.647015,-0.730232
01-Feb-2025 18:31:58.788,-0.172383,10.084377,-0.586579
01-Feb-2025 18:31:58.808,-0.826,9.605537,-0.344765
01-Feb-2025 18:31:58.827,-1.017536,8.865729,-0.158017
01-Feb-2025 18:31:58.848,-0.852336,8.075643,0.064643
01-Feb-2025 18:31:58.868,-0.919373,7.922413,-0.215478
01-Feb-2025 18:31:58.888,-0.567426,8.276755,-0.464475
01-Feb-2025 18:31:58.908,-0.35913,8.880095,-0.529119
01-Feb-2025 18:31:58.928,0.098162,9.406818,-0.205901
01-Feb-2025 18:31:58.948,0.02873,10.25676,-0.184354
01-Feb-2025 18:31:58.968,0.196325,10.613496,-0.320823
01-Feb-2025 18:31:58.988,-0.102951,10.417171,-0.356736
01-Feb-2025 18:31:59.008,-0.069432,9.76116,-0.548272
01-Feb-2025 18:31:59.028,0.129287,8.999804,-0.603339
01-Feb-2025 18:31:59.048,0.150835,8.492233,-0.730232
01-Feb-2025 18:31:59.068,-0.050278,8.406042,-0.859518
01-Feb-2025 18:31:59.088,-0.248997,8.597578,-0.905008
01-Feb-2025 18:31:59.108,-0.083797,8.863335,-0.845153
01-Feb-2025 18:31:59.128,0.306458,9.002198,-0.593762
01-Feb-2025 18:31:59.148,0.014365,9.241618,-0.672771
01-Feb-2025 18:31:59.168,-0.047884,9.390059,-0.993594
01-Feb-2025 18:31:59.188,0.1652,9.363723,-0.866701
01-Feb-2025 18:31:59.208,0.016759,9.428367,-0.885855
01-Feb-2025 18:31:59.228,-0.059855,9.471462,-0.699107
01-Feb-2025 18:31:59.248,-0.02873,9.64145,-0.608127
01-Feb-2025 18:31:59.268,-0.004788,10.242394,-0.533907
01-Feb-2025 18:31:59.288,0.177171,10.714052,-0.620098
01-Feb-2025 18:31:59.308,0.426168,10.486604,-0.416591
01-Feb-2025 18:31:59.328,0.414197,10.06283,-0.462081
01-Feb-2025 18:31:59.348,0.553061,9.976639,-0.536301
01-Feb-2025 18:31:59.368,0.816423,10.292673,-0.890643
01-Feb-2025 18:31:59.388,1.288081,11.039664,-1.079785
01-Feb-2025 18:31:59.408,1.568202,11.712435,-1.000776
01-Feb-2025 18:31:59.428,1.651999,12.253524,-0.931344
01-Feb-2025 18:31:59.448,0.92895,12.346898,-0.557849
01-Feb-2025 18:31:59.468,0.538695,11.645397,0.198719
01-Feb-2025 18:31:59.488,1.316811,10.608707,0.04549
01-Feb-2025 18:31:59.508,1.692701,9.241618,-0.014365
01-Feb-2025 18:31:59.528,1.651999,8.051701,-0.502782
01-Feb-2025 18:31:59.548,1.659182,7.503428,-0.565032
01-Feb-2025 18:31:59.568,1.300052,7.93199,-0.653617
01-Feb-2025 18:31:59.588,1.010353,9.069236,-0.565032
01-Feb-2025 18:31:59.608,1.18513,10.374076,-0.316035
01-Feb-2025 18:31:59.628,1.051055,11.293449,-0.488417
01-Feb-2025 18:31:59.648,0.687136,11.061212,-0.481235
01-Feb-2025 18:31:59.668,0.433351,10.271125,-0.648829
01-Feb-2025 18:31:59.688,0.608127,9.368511,-0.64404
01-Feb-2025 18:31:59.708,0.957681,8.839393,-0.756568
01-Feb-2025 18:31:59.728,1.194707,8.537724,-0.919373
01-Feb-2025 18:31:59.748,1.30484,8.564059,-0.92895
01-Feb-2025 18:31:59.768,1.249773,8.726865,-0.988805
01-Feb-2025 18:31:59.788,0.986411,9.074024,-0.751779
01-Feb-2025 18:31:59.808,1.206678,9.19134,-0.744597
01-Feb-2025 18:31:59.828,0.842759,9.524135,-1.096544
01-Feb-2025 18:31:59.848,0.742203,9.619903,-1.098939
01-Feb-2025 18:31:59.868,0.672771,9.677363,-0.952892
01-Feb-2025 18:31:59.888,0.866701,9.64145,-1.103727
01-Feb-2025 18:31:59.908,1.077391,9.603143,-0.847547
01-Feb-2025 18:31:59.928,1.098939,9.667787,-1.177947
01-Feb-2025 18:31:59.948,0.737414,9.861717,-1.134852
01-Feb-2025 18:31:59.968,0.746991,10.184934,-1.029507
01-Feb-2025 18:31:59.988,0.514753,10.560823,-1.079785
01-Feb-2025 18:32:00.008,0.311246,10.886436,-1.017536
01-Feb-2025 18:32:00.028,0.304064,11.113884,-1.130063
01-Feb-2025 18:32:00.048,0.826,11.137826,-0.940921
01-Feb-2025 18:32:00.068,0.835576,11.113884,-1.04866
01-Feb-2025 18:32:00.088,0.117316,11.039664,-0.964863
01-Feb-2025 18:32:00.108,-0.095768,10.81461,-0.622492
01-Feb-2025 18:32:00.128,-0.160412,10.788273,-0.545878
01-Feb-2025 18:32:00.148,-0.107739,10.651803,-0.220267
01-Feb-2025 18:32:00.168,0.318429,10.7356,-0.258574
01-Feb-2025 18:32:00.188,0.464475,10.876859,-0.181959
01-Feb-2025 18:32:00.208,-0.318429,10.685322,-0.023942
01-Feb-2025 18:32:00.228,-0.471658,10.072407,0.483629
01-Feb-2025 18:32:00.248,-0.878672,9.495404,0.521936
01-Feb-2025 18:32:00.268,-1.086968,8.932767,0.414197
01-Feb-2025 18:32:00.288,-1.268927,8.461109,0.328006
01-Feb-2025 18:32:00.308,-1.400608,8.26239,0.646434
01-Feb-2025 18:32:00.328,-1.240196,8.130709,0.280122
01-Feb-2025 18:32:00.348,-1.295263,8.497022,0.265756
01-Feb-2025 18:32:00.368,-1.077391,9.018958,0.979228
01-Feb-2025 18:32:00.388,-0.943315,9.945514,0.699107
01-Feb-2025 18:32:00.408,-0.622492,10.615891,1.015141
01-Feb-2025 18:32:00.428,-0.538695,10.891224,1.060631
01-Feb-2025 18:32:00.448,-0.553061,10.589554,1.240196
01-Feb-2025 18:32:00.468,-0.727837,9.900024,0.986411
01-Feb-2025 18:32:00.488,-0.742203,9.507375,0.80924
01-Feb-2025 18:32:00.508,-0.629675,9.41879,0.6608
01-Feb-2025 18:32:00.528,-0.914585,9.811439,0.52433
01-Feb-2025 18:32:00.548,-0.675165,9.677363,0.562637
01-Feb-2025 18:32:00.568,-0.730232,9.548077,0.579397
01-Feb-2025 18:32:00.588,-0.849942,9.481039,0.548272
01-Feb-2025 18:32:00.608,-0.952892,9.560047,0.493206
01-Feb-2025 18:32:00.628,-0.893037,9.864111,0.548272
01-Feb-2025 18:32:00.648,-0.639252,9.974244,0.567426
01-Feb-2025 18:32:00.668,-0.634463,10.225636,0.251391
01-Feb-2025 18:32:00.689,-0.677559,10.036493,0.35913
01-Feb-2025 18:32:00.709,-0.799663,9.667787,0.131681
01-Feb-2025 18:32:00.729,-0.799663,9.323022,0.493206
01-Feb-2025 18:32:00.749,-0.234632,9.294291,0.395043
01-Feb-2025 18:32:00.769,0.919373,9.921572,0.055067
01-Feb-2025 18:32:00.789,0.574608,11.077971,-0.081403
01-Feb-2025 18:32:00.809,0.514753,10.67814,0.873884
01-Feb-2025 18:32:00.829,0.646434,9.636662,1.149217
01-Feb-2025 18:32:00.849,1.012747,8.801085,0.727837
01-Feb-2025 18:32:00.869,0.826,8.604761,0.169988
01-Feb-2025 18:32:00.889,0.514753,9.184157,0.050278
01-Feb-2025 18:32:00.909,0.636858,10.014946,0.287304
01-Feb-2025 18:32:00.929,0.878672,10.836157,0.545878
01-Feb-2025 18:32:00.949,0.639252,11.113884,0.457293
01-Feb-2025 18:32:01.109,0.766145,9.753978,-0.189142
01-Feb-2025 18:32:01.269,0.306458,9.799467,0.320823
01-Feb-2025 18:32:01.429,0.562637,9.959879,0.701501
01-Feb-2025 18:32:01.589,0.407014,11.018116,0.169988
01-Feb-2025 18:32:01.749,-1.18513,9.902418,0.617704
01-Feb-2025 18:32:01.909,-0.921768,9.964667,0.201113
01-Feb-2025 18:32:02.069,-0.70629,9.588778,-0.277727
01-Feb-2025 18:32:02.230,0.277727,10.874464,-0.505177
01-Feb-2025 18:32:02.390,1.371878,8.324639,1.005565
01-Feb-2025 18:32:02.550,0.842759,10.199299,0.361524
01-Feb-2025 18:32:02.710,1.204283,9.385271,-0.572214
01-Feb-2025 18:32:02.870,1.175553,10.58716,-0.40462
01-Feb-2025 18:32:03.030,-0.916979,11.2312,1.61848
01-Feb-2025 18:32:03.190,0.414197,10.7356,0.679953
01-Feb-2025 18:32:03.350,-0.275333,9.126697,-0.47884
01-Feb-2025 18:32:03.510,-0.071826,10.120291,-0.325611
01-Feb-2025 18:32:03.670,0.938527,11.753136,-0.538695
01-Feb-2025 18:32:03.830,1.419762,7.867347,-0.275333
01-Feb-2025 18:32:03.990,1.376666,8.645462,-0.878672
01-Feb-2025 18:32:04.150,1.261744,9.619903,-1.197101
01-Feb-2025 18:32:04.310,0.21069,12.397177,-0.955287
01-Feb-2025 18:32:04.471,-1.046266,8.50181,0.229843
01-Feb-2025 18:32:04.631,-0.04549,9.562442,0.076614
01-Feb-2025 18:32:04.791,0.002394,9.315839,-0.203507
01-Feb-2025 18:32:04.951,0.162806,10.716447,-0.134075
01-Feb-2025 18:32:05.111,0.110133,11.971008,0.526724
01-Feb-2025 18:32:05.271,0.97444,11.331757,0.23942
01-Feb-2025 18:32:05.431,0.591368,8.437167,-0.493206
01-Feb-2025 18:32:05.591,0.4956,9.507375,-1.063026
01-Feb-2025 18:32:05.751,-0.337582,11.374852,-1.029507
01-Feb-2025 18:32:05.911,-1.714248,7.8865,0.308852
01-Feb-2025 18:32:06.071,-0.19393,8.796297,-0.73502
01-Feb-2025 18:32:06.231,-0.45011,9.497798,-0.739808
01-Feb-2025 18:32:06.392,0,11.008539,-0.397437
01-Feb-2025 18:32:06.552,0.292093,10.790668,0.378284
01-Feb-2025 18:32:06.712,1.228225,11.552023,0.088585
01-Feb-2025 18:32:06.872,0.955287,8.729259,-0.97444
01-Feb-2025 18:32:07.032,0.972046,9.734824,-1.338359
01-Feb-2025 18:32:07.192,1.036689,10.283096,-1.055843
01-Feb-2025 18:32:07.312,-0.92895,9.030929,-0.19393
01-Feb-2025 18:32:07.332,-0.409408,8.11395,-0.146046
01-Feb-2025 18:32:07.352,-0.268151,8.06846,-0.311246
01-Feb-2025 18:32:07.372,-0.739808,9.018958,-0.794875
01-Feb-2025 18:32:07.392,-0.150835,10.172963,-0.217872
01-Feb-2025 18:32:07.412,0.09098,11.429919,-0.076614
01-Feb-2025 18:32:07.432,0.292093,11.506534,0.28491
01-Feb-2025 18:32:07.452,0.258574,10.398018,0.464475
01-Feb-2025 18:32:07.472,0.442927,9.004593,-0.155623
01-Feb-2025 18:32:07.492,0.600945,7.982268,-0.600945
01-Feb-2025 18:32:07.512,0.423774,7.469909,-0.675165
01-Feb-2025 18:32:07.532,0.100556,7.560889,-0.565032
01-Feb-2025 18:32:07.552,0.217872,8.26239,-0.562637
01-Feb-2025 18:32:07.572,0.201113,9.131485,-1.082179
01-Feb-2025 18:32:07.592,0.162806,9.488221,-0.579397
01-Feb-2025 18:32:07.612,0.016759,9.583989,-0.560243
01-Feb-2025 18:32:07.632,-0.392649,9.737218,-0.586579
01-Feb-2025 18:32:07.652,-0.411803,9.775525,-0.718261
01-Feb-2025 18:32:07.672,-0.248997,9.753978,-0.73502
01-Feb-2025 18:32:07.692,0.311246,9.600749,-0.73502
01-Feb-2025 18:32:07.712,0.409408,9.595961,-0.70629
01-Feb-2025 18:32:07.732,0.203507,9.89763,-0.555455
01-Feb-2025 18:32:07.752,-0.100556,10.316615,-0.344765
01-Feb-2025 18:32:07.772,0.208296,10.709264,-0.624887
01-Feb-2025 18:32:07.792,0.272939,10.721235,-0.600945
01-Feb-2025 18:32:07.813,0.19393,10.362105,-0.390255
01-Feb-2025 18:32:07.833,-0.351948,10.06283,-0.519542
01-Feb-2025 18:32:07.853,-0.055067,9.859323,-0.837971
01-Feb-2025 18:32:07.873,0.620098,10.307038,-1.25935
01-Feb-2025 18:32:07.893,0.835576,10.986992,-0.962469
01-Feb-2025 18:32:07.913,0.778116,11.547235,-0.581791
01-Feb-2025 18:32:07.933,0.471658,12.284649,-0.828394
01-Feb-2025 18:32:07.953,0.316035,12.418724,-0.732626
01-Feb-2025 18:32:07.973,0.548272,11.662156,-0.304064
01-Feb-2025 18:32:07.993,0.687136,10.730812,-0.136469
01-Feb-2025 18:32:08.013,0.842759,9.488221,0.007183
01-Feb-2025 18:32:08.033,1.204283,8.078036,-0.047884
01-Feb-2025 18:32:08.053,1.240196,7.101202,-0.246603
01-Feb-2025 18:32:08.073,1.297657,6.631939,-0.110133
01-Feb-2025 18:32:08.093,1.630451,7.237672,-0.550666
01-Feb-2025 18:32:08.113,1.742979,8.578424,-0.749385
01-Feb-2025 18:32:08.133,1.881842,9.892841,-0.715866
01-Feb-2025 18:32:08.153,1.563414,10.998962,-0.557849
01-Feb-2025 18:32:08.173,0.682347,11.942278,-0.536301
01-Feb-2025 18:32:08.193,0.150835,11.60709,-0.459687
01-Feb-2025 18:32:08.213,0.275333,10.532093,-0.679953
01-Feb-2025 18:32:08.233,0.720655,9.746795,-1.127669
01-Feb-2025 18:32:08.253,0.993594,9.107543,-1.539472
01-Feb-2025 18:32:08.273,0.909797,8.76996,-1.101333
01-Feb-2025 18:32:08.293,0.888249,8.63828,-0.960075
01-Feb-2025 18:32:08.313,0.775721,8.48984,-1.163582
01-Feb-2025 18:32:08.333,0.438139,8.506598,-1.18513
01-Feb-2025 18:32:08.353,0.426168,8.614338,-1.09415
01-Feb-2025 18:32:08.373,0.268151,8.968679,-1.108515
01-Feb-2025 18:32:08.393,0.47884,9.425972,-1.237802
01-Feb-2025 18:32:08.413,0.471658,9.607931,-1.118092
01-Feb-2025 18:32:08.433,0.802058,9.756371,-1.244985
01-Feb-2025 18:32:08.453,0.667982,9.775525,-1.39582
01-Feb-2025 18:32:08.473,0.557849,9.758766,-1.252167
01-Feb-2025 18:32:08.493,0.263362,9.998186,-1.371878
01-Feb-2025 18:32:08.513,0.486023,10.321404,-1.316811
01-Feb-2025 18:32:08.533,0.672771,10.503363,-1.383849
01-Feb-2025 18:32:08.553,0.881066,10.726024,-1.491588
01-Feb-2025 18:32:08.573,0.754174,11.178528,-1.441309
01-Feb-2025 18:32:08.593,0.596156,11.391612,-0.73502
01-Feb-2025 18:32:08.613,0.70629,12.10269,-1.309628
01-Feb-2025 18:32:08.633,0.136469,12.2224,-0.972046
01-Feb-2025 18:32:08.653,-0.40462,11.63582,-0.09098
01-Feb-2025 18:32:08.673,-0.409408,11.15698,0.062249
01-Feb-2025 18:32:08.693,-0.409408,10.615891,0.407014
01-Feb-2025 18:32:08.713,-0.624887,10.086772,0.3304
01-Feb-2025 18:32:08.733,-0.938527,9.299079,0.265756
01-Feb-2025 18:32:08.753,-1.180341,8.477868,0.464475
01-Feb-2025 18:32:08.773,-1.393425,7.860164,0.227449
01-Feb-2025 18:32:08.793,-1.695095,8.157045,-0.035913
01-Feb-2025 18:32:08.813,-1.120486,9.028535,0.150835
01-Feb-2025 18:32:08.833,-0.497994,10.268731,0.062249
01-Feb-2025 18:32:08.853,-0.035913,10.970232,0.002394
01-Feb-2025 18:32:08.873,0.299275,10.42196,-0.050278
01-Feb-2025 18:32:08.893,0.169988,9.313444,-0.356736
01-Feb-2025 18:32:08.913,-0.502782,8.781932,-0.332794
01-Feb-2025 18:32:08.933,-0.447716,8.403648,-0.715866
01-Feb-2025 18:32:08.953,-0.409408,8.544906,-0.897826
01-Feb-2025 18:32:08.973,-0.069432,8.851364,-0.948104
01-Feb-2025 18:32:08.993,-0.083797,9.021352,-0.981623
01-Feb-2025 18:32:09.013,-0.553061,9.339781,-0.919373
01-Feb-2025 18:32:09.033,-0.59855,9.572019,-0.993594
01-Feb-2025 18:32:09.053,-0.186748,9.703699,-0.871489
01-Feb-2025 18:32:09.073,-0.253785,9.742006,-1.06542
01-Feb-2025 18:32:09.093,-0.232238,9.533711,-0.905008
01-Feb-2025 18:32:09.113,-0.186748,9.454702,-0.787692
01-Feb-2025 18:32:09.133,-0.09098,9.301474,-0.826
01-Feb-2025 18:32:09.153,0.023942,9.308656,-0.713472
01-Feb-2025 18:32:09.173,0.098162,9.574412,-0.653617
01-Feb-2025 18:32:09.193,-0.052672,9.928755,-0.447716
01-Feb-2025 18:32:09.213,-0.577003,10.086772,-0.399832
01-Feb-2025 18:32:09.233,-0.684742,10.146626,-0.622492
01-Feb-2025 18:32:09.253,-0.069432,10.254366,-0.665588
01-Feb-2025 18:32:09.273,0.926556,11.054029,-0.907402
01-Feb-2025 18:32:09.293,1.280898,11.822568,-0.641646
01-Feb-2025 18:32:09.313,1.041478,11.858481,-0.246603
01-Feb-2025 18:32:09.333,0.344765,12.016499,0.203507
01-Feb-2025 18:32:09.354,0.258574,11.894394,0.847547
01-Feb-2025 18:32:09.374,0.572214,11.662156,0.821211
01-Feb-2025 18:32:09.394,1.244985,10.453085,0.23942
01-Feb-2025 18:32:09.414,1.501164,9.093178,0.54109
01-Feb-2025 18:32:09.434,2.106898,7.869741,0.246603
01-Feb-2025 18:32:09.454,1.393425,7.592013,-0.486023
01-Feb-2025 18:32:09.474,0.512359,8.334216,-0.792481
01-Feb-2025 18:32:09.494,0.253785,9.153033,-0.45011
01-Feb-2025 18:32:09.514,0.339977,9.945514,-0.866701
01-Feb-2025 18:32:09.534,-0.088585,10.608707,-0.648829
01-Feb-2025 18:32:09.554,-0.402226,11.034876,-0.730232
01-Feb-2025 18:32:09.574,-0.493206,11.046846,-0.869095
01-Feb-2025 18:32:09.594,0.050278,10.505757,-0.991199
01-Feb-2025 18:32:09.614,0.548272,9.830592,-0.972046
01-Feb-2025 18:32:09.634,0.833182,9.255983,-1.031901
01-Feb-2025 18:32:09.654,1.017536,8.834604,-1.165976
01-Feb-2025 18:32:09.674,0.948104,8.616732,-1.031901
01-Feb-2025 18:32:09.694,0.483629,8.623915,-1.007959
01-Feb-2025 18:32:09.714,0.6608,8.465898,-0.720655
01-Feb-2025 18:32:09.734,0.871489,8.671799,-1.01993
01-Feb-2025 18:32:09.754,0.984017,9.13388,-1.058237
01-Feb-2025 18:32:09.774,1.132457,9.64145,-1.11091
01-Feb-2025 18:32:09.794,1.261744,10.024523,-0.950498
01-Feb-2025 18:32:09.814,1.252167,10.407595,-0.933739
01-Feb-2025 18:32:09.834,1.015141,10.685322,-0.960075
01-Feb-2025 18:32:09.854,0.711078,11.207258,-1.127669
01-Feb-2025 18:32:09.874,0.967257,11.360487,-1.194707
01-Feb-2025 18:32:09.894,0.799663,11.087548,-1.06542
01-Feb-2025 18:32:09.914,1.120486,11.056423,-1.323994
01-Feb-2025 18:32:09.934,1.13964,10.81461,-1.37906
01-Feb-2025 18:32:09.954,0.40462,10.398018,-1.383849
01-Feb-2025 18:32:09.974,-0.373495,9.976639,-1.182736
01-Feb-2025 18:32:09.994,-0.316035,9.370906,-0.826
01-Feb-2025 18:32:10.014,-0.474052,8.963891,-0.842759
01-Feb-2025 18:32:10.034,-0.361524,8.571242,-1.132457
01-Feb-2025 18:32:10.054,-0.004788,8.161834,-1.16837
01-Feb-2025 18:32:10.074,-0.347159,8.343793,-1.144428
01-Feb-2025 18:32:10.094,-0.373495,8.853758,-1.156399
01-Feb-2025 18:32:10.114,-0.873884,9.284714,-1.060631
01-Feb-2025 18:32:10.134,-1.194707,9.519346,-1.216254
01-Feb-2025 18:32:10.154,-1.599327,10.0748,-0.814029
01-Feb-2025 18:32:10.174,-1.403002,10.235212,-0.600945
01-Feb-2025 18:32:10.194,-2.149993,10.630256,-0.600945
01-Feb-2025 18:32:10.214,-2.008735,10.577583,-0.260968
01-Feb-2025 18:32:10.234,-1.857901,10.374076,0.311246
01-Feb-2025 18:32:10.254,-1.666364,9.885659,0.677559
01-Feb-2025 18:32:10.274,-1.704672,9.780313,0.857124
01-Feb-2025 18:32:10.294,-1.367089,9.55047,0.893037
01-Feb-2025 18:32:10.314,-1.201889,9.545682,0.991199
01-Feb-2025 18:32:10.334,-1.022324,9.751583,0.969652
01-Feb-2025 18:32:10.354,-1.302446,9.883265,1.036689
01-Feb-2025 18:32:10.374,-1.187524,9.67018,1.137246
01-Feb-2025 18:32:10.394,-1.09415,9.507375,1.058237
01-Feb-2025 18:32:10.414,-1.242591,9.706094,0.718261
01-Feb-2025 18:32:10.434,-1.18513,9.967062,0.691924
01-Feb-2025 18:32:10.454,-1.316811,10.316615,0.42138
01-Feb-2025 18:32:10.474,-1.42455,10.417171,0.476446
01-Feb-2025 18:32:10.493,-1.685518,10.409989,0.397437
01-Feb-2025 18:32:10.514,-1.764527,10.409989,0.328006
01-Feb-2025 18:32:10.534,-1.491588,10.304645,0.392649
01-Feb-2025 18:32:10.554,-1.371878,9.991004,0.177171
01-Feb-2025 18:32:10.574,-1.295263,9.672575,0.026336
01-Feb-2025 18:32:10.594,-1.096544,9.524135,0.205901
01-Feb-2025 18:32:10.614,-0.940921,9.722853,-0.069432
01-Feb-2025 18:32:10.634,-1.012747,10.01734,-0.007183
01-Feb-2025 18:32:10.654,-0.792481,10.022128,-0.088585
01-Feb-2025 18:32:10.674,-0.94571,9.799467,0.023942
01-Feb-2025 18:32:10.694,-0.847547,9.519346,0.050278
01-Feb-2025 18:32:10.714,-0.076614,9.368511,0.138864
01-Feb-2025 18:32:10.874,0.90022,9.186552,0.40462
01-Feb-2025 18:32:11.034,1.254562,10.383653,-0.067038
01-Feb-2025 18:32:11.195,1.359907,9.334992,-0.423774
01-Feb-2025 18:32:11.355,1.264138,9.569624,-0.574608
01-Feb-2025 18:32:11.515,1.295263,10.764331,-0.785298
01-Feb-2025 18:32:11.675,-1.30484,9.263166,0.847547
01-Feb-2025 18:32:11.835,0.086191,10.479421,-0.105345
01-Feb-2025 18:32:11.995,-1.017536,8.846576,-1.012747
01-Feb-2025 18:32:12.155,-0.639252,9.572019,-1.400608
01-Feb-2025 18:32:12.315,0.445322,10.060435,-1.223437
01-Feb-2025 18:32:12.475,0.627281,9.229648,0.213084
01-Feb-2025 18:32:12.636,0.577003,11.099519,-0.222661
01-Feb-2025 18:32:12.796,1.264138,8.767567,-0.179565
01-Feb-2025 18:32:12.956,0.864307,10.352529,-0.462081
01-Feb-2025 18:32:13.116,-0.588974,11.812991,0.40462
01-Feb-2025 18:32:13.276,0.062249,9.315839,0.04549
01-Feb-2025 18:32:13.436,-0.497994,9.339781,-0.258574
01-Feb-2025 18:32:13.596,0.067038,9.23683,-0.395043
01-Feb-2025 18:32:13.757,1.118092,11.961432,-0.339977
01-Feb-2025 18:32:13.917,0.454898,6.646304,-0.186748
01-Feb-2025 18:32:14.077,1.314417,8.762778,-0.845153
01-Feb-2025 18:32:14.237,0.991199,9.478644,-1.173159
01-Feb-2025 18:32:14.397,2.499547,11.209652,-0.837971
01-Feb-2025 18:32:14.557,-0.821211,7.654263,0.215478
01-Feb-2025 18:32:14.717,0.299275,8.607155,-0.373495
01-Feb-2025 18:32:14.877,0.215478,9.639056,-0.845153
01-Feb-2025 18:32:15.038,0.531513,10.005369,-0.600945
01-Feb-2025 18:32:15.198,0.368707,11.142614,-0.035913
01-Feb-2025 18:32:15.358,0.011971,11.324574,-0.275333
01-Feb-2025 18:32:15.518,0.794875,9.035717,-0.830788
01-Feb-2025 18:32:15.678,0.593762,10.180145,-1.223437
01-Feb-2025 18:32:15.838,-0.802058,11.360487,0.785298
01-Feb-2025 18:32:15.998,0.263362,10.551247,0.169988
01-Feb-2025 18:32:16.158,0.208296,9.100361,-0.720655
01-Feb-2025 18:32:16.318,0.220267,9.095572,-0.440533
01-Feb-2025 18:32:16.478,1.482011,12.852075,0.071826
01-Feb-2025 18:32:16.639,0.916979,9.866506,-0.131681
01-Feb-2025 18:32:16.799,1.015141,9.023746,-0.823605
01-Feb-2025 18:32:16.959,0.787692,9.667787,-1.043872
01-Feb-2025 18:32:17.119,-0.112527,12.969391,-0.751779
01-Feb-2025 18:32:17.279,-0.933739,7.740454,0.052672
01-Feb-2025 18:32:17.439,0.268151,8.913613,-0.122104
01-Feb-2025 18:32:17.599,-0.023942,9.354146,-0.301669
01-Feb-2025 18:32:17.759,1.541866,12.076353,-0.292093
01-Feb-2025 18:32:17.919,1.553837,8.422802,-0.713472
01-Feb-2025 18:32:18.079,1.479617,8.78672,-0.835576
01-Feb-2025 18:32:18.240,1.074997,9.959879,-0.713472
01-Feb-2025 18:32:18.400,-0.751779,12.737153,-0.114922
01-Feb-2025 18:32:18.560,-1.66397,8.540117,1.417367
01-Feb-2025 18:32:18.720,-0.847547,9.986216,1.716643
01-Feb-2025 18:32:18.880,-1.089362,9.698911,0.871489
01-Feb-2025 18:32:19.040,0.203507,11.003751,0.344765
01-Feb-2025 18:32:19.200,1.419762,10.409989,-0.25618
01-Feb-2025 18:32:19.360,1.295263,8.985439,-0.040701
01-Feb-2025 18:32:19.521,0.940921,9.902418,-0.639252
01-Feb-2025 18:32:19.681,0.500388,9.689334,-0.936133
01-Feb-2025 18:32:19.841,0.562637,10.412383,-0.54109
01-Feb-2025 18:32:20.001,-1.029507,10.694899,1.592144
01-Feb-2025 18:32:20.161,0.469264,9.947908,0.715866
01-Feb-2025 18:32:20.321,-0.064643,8.611943,0.150835
01-Feb-2025 18:32:20.482,0.023942,9.964667,0.325611
01-Feb-2025 18:32:20.642,0.488417,12.13142,-0.191536
01-Feb-2025 18:32:20.802,1.941698,9.380483,0.280122
01-Feb-2025 18:32:20.962,0.878672,7.987057,-0.593762
01-Feb-2025 18:32:21.122,0.931344,10.261548,-0.579397
01-Feb-2025 18:32:21.283,0.804452,10.647015,-0.952892
01-Feb-2025 18:32:21.443,-0.253785,8.434772,0.725443
01-Feb-2025 18:32:21.603,-0.440533,10.407595,0.23942
01-Feb-2025 18:32:21.763,-0.225055,9.011775,-0.440533
01-Feb-2025 18:32:21.923,0.126893,9.65821,-0.682347
01-Feb-2025 18:32:22.084,0.433351,10.405201,-0.622492
01-Feb-2025 18:32:22.244,1.106121,9.002198,0.248997
01-Feb-2025 18:32:22.404,0.397437,10.46745,-0.011971
01-Feb-2025 18:32:22.564,0.641646,8.820239,-0.531513
01-Feb-2025 18:32:22.724,1.043872,10.754754,-0.440533
01-Feb-2025 18:32:22.885,-0.493206,10.761936,1.024718
01-Feb-2025 18:32:23.045,-0.023942,9.907207,0.632069
01-Feb-2025 18:32:23.205,-0.059855,8.264784,-0.629675
01-Feb-2025 18:32:23.365,-0.035913,9.56723,-0.742203
01-Feb-2025 18:32:23.525,0.806846,11.609484,-0.581791
01-Feb-2025 18:32:23.685,1.82917,6.797139,0.251391
01-Feb-2025 18:32:23.846,0.818817,10.295067,-0.067038
01-Feb-2025 18:32:24.006,0.840365,9.358934,-0.97444
01-Feb-2025 18:32:24.166,0.823605,11.195287,-0.842759
01-Feb-2025 18:32:24.326,-0.509965,9.344569,0.277727
01-Feb-2025 18:32:24.486,-0.146046,11.461043,0.490811
01-Feb-2025 18:32:24.647,0.289698,8.475474,-0.768539
01-Feb-2025 18:32:24.807,0.361524,10.472239,-0.612916
01-Feb-2025 18:32:24.967,1.005565,11.669339,-1.046266
01-Feb-2025 18:32:25.127,1.25935,6.627151,-0.414197
01-Feb-2025 18:32:25.287,0.770933,9.344569,-0.653617
01-Feb-2025 18:32:25.447,0.766145,9.607931,-0.744597
01-Feb-2025 18:32:25.607,1.745373,11.504139,-0.811634
01-Feb-2025 18:32:25.768,-0.442927,7.896077,0.4956
01-Feb-2025 18:32:25.928,0.373495,9.255983,0.011971
01-Feb-2025 18:32:26.088,0.186748,9.825804,0.002394
01-Feb-2025 18:32:26.248,0.162806,10.309433,0.351948
01-Feb-2025 18:32:26.408,1.400608,9.888053,0.794875
01-Feb-2025 18:32:26.569,0.179565,10.970232,0.246603
01-Feb-2025 18:32:26.729,0.888249,9.332599,-0.335188
01-Feb-2025 18:32:26.889,0.859518,10.838552,-0.454898
01-Feb-2025 18:32:27.049,-0.737414,9.289502,-0.031125
01-Feb-2025 18:32:27.209,-0.220267,10.632649,0.196325
01-Feb-2025 18:32:27.369,-0.866701,9.909601,0.411803
01-Feb-2025 18:32:27.530,-0.888249,10.014946,-0.055067
01-Feb-2025 18:32:27.690,-0.35913,9.935937,-0.505177
01-Feb-2025 18:32:27.850,-0.086191,10.010158,-0.095768
01-Feb-2025 18:32:28.010,1.218649,12.047623,-0.234632
01-Feb-2025 18:32:28.170,0.703895,8.908825,-0.509965
01-Feb-2025 18:32:28.330,1.051055,10.000581,-0.418985
01-Feb-2025 18:32:28.491,1.45328,10.769119,-0.160412
01-Feb-2025 18:32:28.651,-0.842759,9.533711,0.749385
01-Feb-2025 18:32:28.811,0.73502,11.08276,0.215478
01-Feb-2025 18:32:28.971,0.167594,8.549694,-0.670376
01-Feb-2025 18:32:29.131,0.227449,9.780313,-0.440533
01-Feb-2025 18:32:29.292,1.223437,11.484985,-0.318429
01-Feb-2025 18:32:29.452,1.441309,8.09719,-0.234632
01-Feb-2025 18:32:29.612,1.235408,8.748413,-1.086968
01-Feb-2025 18:32:29.772,1.106121,9.356541,-0.890643
01-Feb-2025 18:32:29.932,1.889025,11.492168,-0.952892
01-Feb-2025 18:32:30.093,0.167594,9.28232,0.462081
01-Feb-2025 18:32:30.253,0.447716,10.27352,0.079009
01-Feb-2025 18:32:30.413,0.31364,9.569624,-0.557849
01-Feb-2025 18:32:30.573,0.557849,9.801862,-0.517148
01-Feb-2025 18:32:30.733,1.264138,11.164163,-0.438139
01-Feb-2025 18:32:30.894,1.546654,7.45315,0.093374
01-Feb-2025 18:32:31.054,0.531513,8.935161,-0.943315
01-Feb-2025 18:32:31.214,0.897826,9.868899,-0.876278
01-Feb-2025 18:32:31.374,-0.986411,14.176068,-0.172383
01-Feb-2025 18:32:31.534,-0.380678,9.689334,0.112527
01-Feb-2025 18:32:31.695,-0.3304,7.824251,-0.605733
01-Feb-2025 18:32:31.855,0.220267,10.081984,-0.490811
01-Feb-2025 18:32:32.015,1.098939,12.073959,0.136469
01-Feb-2025 18:32:32.175,1.266533,10.01734,-0.31364
01-Feb-2025 18:32:32.335,0.773327,8.734048,-0.73502
01-Feb-2025 18:32:32.496,0.969652,9.787497,-0.584185
01-Feb-2025 18:32:32.655,-0.342371,12.557588,-0.25618
01-Feb-2025 18:32:32.816,-0.110133,9.787497,0.150835
01-Feb-2025 18:32:32.976,0.397437,8.257602,-0.493206
01-Feb-2025 18:32:33.136,0.538695,9.497798,-0.409408
01-Feb-2025 18:32:33.296,1.244985,11.484985,-0.459687
01-Feb-2025 18:32:33.457,1.371878,8.978256,0.083797
01-Feb-2025 18:32:33.617,1.941698,9.488221,-0.414197
01-Feb-2025 18:32:33.777,1.122881,9.758766,-0.512359
01-Feb-2025 18:32:33.937,-0.122104,13.237541,0.172383
01-Feb-2025 18:32:34.097,-1.364695,7.682993,0.907402
01-Feb-2025 18:32:34.258,-0.622492,8.767567,-0.215478
01-Feb-2025 18:32:34.418,-0.062249,9.610326,0.07422
01-Feb-2025 18:32:34.578,1.30484,13.713987,0.816423
01-Feb-2025 18:32:34.738,2.106898,12.08593,0.667982
01-Feb-2025 18:32:34.898,0.818817,8.868123,-0.3304
01-Feb-2025 18:32:35.058,0.418985,10.31901,-0.09098
01-Feb-2025 18:32:35.219,-0.52433,10.084377,-0.277727
01-Feb-2025 18:32:35.379,-0.229843,9.744401,-0.328006
01-Feb-2025 18:32:35.539,-0.454898,10.0748,-0.215478
01-Feb-2025 18:32:35.699,-0.258574,10.275913,-0.040701
01-Feb-2025 18:32:35.859,-0.61531,10.42196,0.184354
01-Feb-2025 18:32:36.020,0.588974,9.397242,-0.521936
01-Feb-2025 18:32:36.180,1.553837,9.483433,-0.390255
01-Feb-2025 18:32:36.340,1.276109,8.8777,-0.629675
01-Feb-2025 18:32:36.500,1.04866,10.026917,-0.383072
01-Feb-2025 18:32:36.660,0.916979,10.172963,-0.600945
01-Feb-2025 18:32:36.821,-0.682347,11.973403,0.811634
01-Feb-2025 18:32:36.981,-0.454898,9.77792,0.538695
01-Feb-2025 18:32:37.141,-0.117316,8.365341,-0.383072
01-Feb-2025 18:32:37.301,-0.023942,9.68694,-0.390255
01-Feb-2025 18:32:37.461,0.462081,13.01488,2.195483
01-Feb-2025 18:32:37.622,2.3535,10.187328,0.802058
01-Feb-2025 18:32:37.782,1.477222,8.640674,-0.246603
01-Feb-2025 18:32:37.942,1.403002,9.933543,-0.907402
01-Feb-2025 18:32:38.102,-0.129287,12.354081,-0.114922
01-Feb-2025 18:32:38.262,-0.68953,7.93199,-0.02873
01-Feb-2025 18:32:38.423,0.203507,9.150639,0.023942
01-Feb-2025 18:32:38.583,0.459687,9.502586,-0.486023
01-Feb-2025 18:32:38.743,0.679953,11.386824,-0.447716
01-Feb-2025 18:32:38.903,1.735796,8.39886,0.667982
01-Feb-2025 18:32:39.063,0.768539,10.960655,0.126893
01-Feb-2025 18:32:39.224,0.895431,8.59279,-1.06542
01-Feb-2025 18:32:39.384,1.218649,10.469844,-1.249773
01-Feb-2025 18:32:39.544,0.31364,11.408371,0.356736
01-Feb-2025 18:32:39.704,0.100556,8.458714,-0.438139
01-Feb-2025 18:32:39.864,-0.146046,9.703699,-0.627281
01-Feb-2025 18:32:40.025,0.265756,9.083601,-0.90022
01-Feb-2025 18:32:40.185,1.323994,11.903971,-0.505177
01-Feb-2025 18:32:40.345,1.912967,7.623138,0.967257
01-Feb-2025 18:32:40.505,0.984017,9.509769,-0.423774
01-Feb-2025 18:32:40.665,0.806846,9.605537,-1.06542
01-Feb-2025 18:32:40.825,1.45328,11.334151,-0.026336
01-Feb-2025 18:32:40.986,-0.770933,8.956709,0.038307
01-Feb-2025 18:32:41.146,-0.277727,10.295067,-0.002394
01-Feb-2025 18:32:41.306,0.033519,9.576807,-0.387861
01-Feb-2025 18:32:41.466,0.59855,10.754754,-0.064643
01-Feb-2025 18:32:41.626,-0.160412,11.051635,0.373495
01-Feb-2025 18:32:41.786,0.143652,11.446678,0.153229
01-Feb-2025 18:32:41.946,0.694318,8.573636,-0.572214
01-Feb-2025 18:32:42.106,0.258574,10.383653,-0.342371
01-Feb-2025 18:32:42.267,-1.01993,11.27669,0.517148
01-Feb-2025 18:32:42.427,-0.902614,9.090784,0.361524
01-Feb-2025 18:32:42.587,-0.794875,9.892841,0.380678
01-Feb-2025 18:32:42.747,-0.553061,9.672575,-0.071826
01-Feb-2025 18:32:42.907,-0.842759,9.730036,0.59855
01-Feb-2025 18:32:43.067,-0.639252,10.084377,-0.052672
01-Feb-2025 18:32:43.227,0.701501,9.188946,-0.203507
01-Feb-2025 18:32:43.387,1.448492,10.639832,-0.811634
01-Feb-2025 18:32:43.547,1.197101,8.683769,-0.792481
01-Feb-2025 18:32:43.708,1.13964,10.022128,-0.675165
01-Feb-2025 18:32:43.868,1.01993,10.206482,-0.383072
01-Feb-2025 18:32:44.028,0.21069,11.233594,0.392649
01-Feb-2025 18:32:44.188,-0.751779,8.803479,-0.014365
01-Feb-2025 18:32:44.348,-0.011971,8.836999,-0.591368
01-Feb-2025 18:32:44.508,0.100556,9.77792,-0.464475
01-Feb-2025 18:32:44.668,1.225831,11.353305,-0.454898
01-Feb-2025 18:32:44.829,1.35033,6.670246,0.225055
01-Feb-2025 18:32:44.989,1.118092,9.677363,-0.260968
01-Feb-2025 18:32:45.149,0.545878,9.196129,-1.221043
01-Feb-2025 18:32:45.309,1.11091,10.922348,-1.620875
01-Feb-2025 18:32:45.469,-0.282516,9.227253,0.083797
01-Feb-2025 18:32:45.629,0.052672,9.715671,-0.270545
01-Feb-2025 18:32:45.789,-0.050278,9.370906,-0.955287
01-Feb-2025 18:32:45.949,-0.081403,10.448297,-0.993594
01-Feb-2025 18:32:46.110,0.351948,11.68131,0.059855
01-Feb-2025 18:32:46.270,1.079785,11.353305,1.024718
01-Feb-2025 18:32:46.430,0.739808,9.021352,1.252167
01-Feb-2025 18:32:46.590,0.785298,9.785102,-0.555455
01-Feb-2025 18:32:46.750,-0.921768,11.355699,0.536301
01-Feb-2025 18:32:46.910,-0.354342,9.976639,0.866701
01-Feb-2025 18:32:47.071,-0.349553,9.255983,0.098162
01-Feb-2025 18:32:47.231,-0.143652,9.543288,-0.263362
01-Feb-2025 18:32:47.391,0.548272,10.28549,-0.713472
01-Feb-2025 18:32:47.551,1.043872,8.41083,-0.407014
01-Feb-2025 18:32:47.711,1.173159,11.47062,-0.289698
01-Feb-2025 18:32:47.871,0.905008,8.961497,-0.292093
01-Feb-2025 18:32:48.032,0.627281,9.878476,-0.342371
01-Feb-2025 18:32:48.192,0.28491,9.885659,-0.131681
01-Feb-2025 18:32:48.352,0.37589,9.900024,-0.35913
01-Feb-2025 18:32:48.512,0.402226,9.890448,-0.117316
01-Feb-2025 18:32:48.672,0.895431,8.975863,-0.739808
01-Feb-2025 18:32:48.833,0.11971,9.773131,-0.062249
01-Feb-2025 18:32:48.993,1.814805,7.596802,1.082179
01-Feb-2025 18:32:49.153,-0.531513,6.947973,8.875306
01-Feb-2025 18:32:49.313,-1.628057,5.473145,8.74123
01-Feb-2025 18:32:49.473,0.009577,4.323928,9.11712
01-Feb-2025 18:32:49.633,0.146046,4.580108,8.961497
01-Feb-2025 18:32:49.793,0.715866,4.817134,8.925584
01-Feb-2025 18:32:49.954,0.390255,4.862624,8.061277
01-Feb-2025 18:32:50.114,0.464475,4.709395,8.927979
01-Feb-2025 18:32:50.274,-0.754174,5.511452,8.279149
01-Feb-2025 18:32:50.434,0.347159,4.826711,9.31105
01-Feb-2025 18:32:50.595,0.354342,4.680665,8.851364
01-Feb-2025 18:32:50.755,0.909797,4.910508,8.511387
01-Feb-2025 18:32:50.915,0.471658,4.944026,8.403648
01-Feb-2025 18:32:51.075,1.187524,4.984728,8.975863
01-Feb-2025 18:32:51.236,0.208296,4.709395,8.968679
01-Feb-2025 18:32:51.396,0.770933,3.933673,9.552865
01-Feb-2025 18:32:51.464,0.682347,4.333505,8.951921
01-Feb-2025 18:32:51.472,0.739808,4.158728,9.021352
01-Feb-2025 18:32:51.480,0.864307,4.024653,9.093178
01-Feb-2025 18:32:51.488,0.986411,3.916914,9.143456
01-Feb-2025 18:32:51.496,1.046266,3.892972,9.124303
01-Feb-2025 18:32:51.504,1.017536,3.96001,9.174581
01-Feb-2025 18:32:51.512,1.029507,4.060566,9.157822
01-Feb-2025 18:32:51.520,0.998382,4.113238,9.184157
01-Feb-2025 18:32:51.528,0.914585,4.146757,9.141062
01-Feb-2025 18:32:51.536,0.806846,4.1707,9.112331
01-Feb-2025 18:32:51.544,0.766145,4.218584,9.114726
01-Feb-2025 18:32:51.552,0.845153,4.206613,8.985439
01-Feb-2025 18:32:51.560,0.76375,4.223372,9.054871
01-Feb-2025 18:32:51.568,0.703895,4.220978,9.157822
01-Feb-2025 18:32:51.576,0.624887,4.223372,9.188946
01-Feb-2025 18:32:51.584,0.588974,4.194642,9.095572
01-Feb-2025 18:32:51.592,0.588974,4.125209,9.016563
01-Feb-2025 18:32:51.600,0.658405,4.015076,8.911219
01-Feb-2025 18:32:51.608,0.761356,3.952827,8.880095
01-Feb-2025 18:32:51.616,0.924162,3.916914,8.89446
01-Feb-2025 18:32:51.624,1.084573,3.89776,8.963891
01-Feb-2025 18:32:51.632,1.264138,3.936068,9.0429
01-Feb-2025 18:32:51.641,1.403002,3.991134,9.126697
01-Feb-2025 18:32:51.649,1.551443,3.998317,9.184157
01-Feb-2025 18:32:51.657,1.690306,4.010288,9.267955
01-Feb-2025 18:32:51.665,1.771709,3.974375,9.346964
01-Feb-2025 18:32:51.673,1.805228,3.921702,9.500193
01-Feb-2025 18:32:51.681,1.764527,3.852271,9.629479
01-Feb-2025 18:32:51.689,1.640028,3.758897,9.655815
01-Feb-2025 18:32:51.697,1.441309,3.643975,9.605537
01-Feb-2025 18:32:51.705,1.235408,3.622427,9.516952
01-Feb-2025 18:32:51.713,1.086968,3.624821,9.370906
01-Feb-2025 18:32:51.721,0.993594,3.639187,9.19134
01-Feb-2025 18:32:51.729,0.902614,3.706224,9.009381
01-Feb-2025 18:32:51.737,0.811634,3.746926,8.870518
01-Feb-2025 18:32:51.745,0.744597,3.792415,8.863335
01-Feb-2025 18:32:51.753,0.790087,3.842694,8.90643
01-Feb-2025 18:32:51.761,0.866701,3.842694,8.959103
01-Feb-2025 18:32:51.769,0.964863,3.806781,8.983045
01-Feb-2025 18:32:51.777,1.000776,3.770868,9.002198
01-Feb-2025 18:32:51.785,1.015141,3.758897,9.011775
01-Feb-2025 18:32:51.793,1.027112,3.787627,9.090784
01-Feb-2025 18:32:51.801,1.058237,3.809175,9.119514
01-Feb-2025 18:32:51.809,1.084573,3.785233,9.028535
01-Feb-2025 18:32:51.817,1.101333,3.770868,8.930372
01-Feb-2025 18:32:51.825,1.137246,3.763685,8.856153
01-Feb-2025 18:32:51.833,1.010353,3.73256,8.750807
01-Feb-2025 18:32:51.841,0.811634,3.730166,8.738836
01-Feb-2025 18:32:51.849,0.624887,3.770868,8.870518
01-Feb-2025 18:32:51.857,0.500388,3.830723,9.059659
01-Feb-2025 18:32:51.865,0.474052,3.811569,9.212888
01-Feb-2025 18:32:51.873,0.500388,3.751714,9.246407
01-Feb-2025 18:32:51.881,0.531513,3.672705,9.234436
01-Feb-2025 18:32:51.889,0.584185,3.617639,9.279925
01-Feb-2025 18:32:51.897,0.694318,3.624821,9.363723
01-Feb-2025 18:32:51.905,0.873884,3.632004,9.466674
01-Feb-2025 18:32:51.913,1.01993,3.632004,9.540894
01-Feb-2025 18:32:51.921,1.149217,3.641581,9.55047
01-Feb-2025 18:32:51.929,1.199495,3.632004,9.5385
01-Feb-2025 18:32:51.937,1.211466,3.646369,9.56723
01-Feb-2025 18:32:51.945,1.201889,3.632004,9.574412
01-Feb-2025 18:32:51.953,1.225831,3.610456,9.425972
01-Feb-2025 18:32:51.961,0.995988,3.605668,9.363723
01-Feb-2025 18:32:51.969,0.758962,3.617639,9.241618
01-Feb-2025 18:32:51.977,0.52433,3.65834,9.059659
01-Feb-2025 18:32:51.985,0.399832,3.663129,8.920795
01-Feb-2025 18:32:51.993,0.292093,3.677494,8.853758
01-Feb-2025 18:32:52.001,0.181959,3.713407,8.89446
01-Feb-2025 18:32:52.009,0.146046,3.720589,8.987833
01-Feb-2025 18:32:52.017,0.248997,3.653552,9.02614
01-Feb-2025 18:32:52.025,0.37589,3.569755,9.105149
01-Feb-2025 18:32:52.034,0.505177,3.469198,9.203311
01-Feb-2025 18:32:52.042,0.608127,3.411737,9.287108
01-Feb-2025 18:32:52.050,0.656011,3.359065,9.387665
01-Feb-2025 18:32:52.058,0.687136,3.378219,9.504981
01-Feb-2025 18:32:52.066,0.814029,3.421314,9.557653
01-Feb-2025 18:32:52.074,0.931344,3.500323,9.648633
01-Feb-2025 18:32:52.082,0.995988,3.519476,9.763555
01-Feb-2025 18:32:52.090,0.952892,3.481169,9.804255
01-Feb-2025 18:32:52.098,0.890643,3.442862,9.821015
01-Feb-2025 18:32:52.106,0.816423,3.356671,9.847352
01-Feb-2025 18:32:52.114,0.703895,3.265691,9.931149
01-Feb-2025 18:32:52.122,0.54109,3.248932,9.983821
01-Feb-2025 18:32:52.130,0.442927,3.213019,9.938332
01-Feb-2025 18:32:52.138,0.399832,3.236961,9.945514
01-Feb-2025 18:32:52.146,0.411803,3.263297,9.981427
01-Feb-2025 18:32:52.154,0.505177,3.277662,10.01734
01-Feb-2025 18:32:52.162,0.591368,3.265691,9.974244
01-Feb-2025 18:32:52.170,0.667982,3.244143,9.957485
01-Feb-2025 18:32:52.178,0.723049,3.217807,9.933543
01-Feb-2025 18:32:52.186,0.73502,3.184288,9.892841
01-Feb-2025 18:32:52.194,0.708684,3.169923,9.809045
01-Feb-2025 18:32:52.202,0.663194,3.174711,9.746795
01-Feb-2025 18:32:52.210,0.684742,3.174711,9.581595
01-Feb-2025 18:32:52.218,0.4956,3.236961,9.583989
01-Feb-2025 18:32:52.226,0.366313,3.330335,9.469068
01-Feb-2025 18:32:52.234,0.380678,3.406949,9.325416
01-Feb-2025 18:32:52.242,0.452504,3.426103,9.208099
01-Feb-2025 18:32:52.250,0.505177,3.409343,9.14585
01-Feb-2025 18:32:52.258,0.526724,3.378219,9.131485
01-Feb-2025 18:32:52.266,0.531513,3.368642,9.153033
01-Feb-2025 18:32:52.274,0.555455,3.366248,9.220071
01-Feb-2025 18:32:52.282,0.603339,3.313575,9.344569
01-Feb-2025 18:32:52.290,0.665588,3.265691,9.390059
01-Feb-2025 18:32:52.298,0.739808,3.215413,9.461885
01-Feb-2025 18:32:52.306,0.790087,3.160346,9.459491
01-Feb-2025 18:32:52.314,0.85473,3.181894,9.452309
01-Feb-2025 18:32:52.322,0.864307,3.203442,9.394848
01-Feb-2025 18:32:52.330,0.871489,3.236961,9.366117
01-Feb-2025 18:32:52.338,0.861913,3.246537,9.291897
01-Feb-2025 18:32:52.346,0.857124,3.256114,9.224859
01-Feb-2025 18:32:52.354,0.823605,3.294421,9.160215
01-Feb-2025 18:32:52.362,0.782904,3.308787,9.095572
01-Feb-2025 18:32:52.370,0.64404,3.323152,8.990228
01-Feb-2025 18:32:52.378,0.459687,3.306392,8.92319
01-Feb-2025 18:32:52.386,0.373495,3.258508,8.896853
01-Feb-2025 18:32:52.394,0.37589,3.217807,8.89446
01-Feb-2025 18:32:52.402,0.368707,3.181894,8.935161
01-Feb-2025 18:32:52.410,0.397437,3.145981,9.023746
01-Feb-2025 18:32:52.418,0.47884,3.153164,9.138668
01-Feb-2025 18:32:52.426,0.59855,3.148375,9.337387
01-Feb-2025 18:32:52.435,0.754174,3.117251,9.526528
01-Feb-2025 18:32:52.443,0.869095,3.081338,9.694122
01-Feb-2025 18:32:52.451,0.916979,2.983175,9.952697
01-Feb-2025 18:32:52.459,0.806846,2.96881,10.989386
01-Feb-2025 18:32:52.467,1.297657,3.016694,10.85531
01-Feb-2025 18:32:52.475,1.651999,2.89459,10.613496
01-Feb-2025 18:32:52.483,1.56102,3.007117,10.127473
01-Feb-2025 18:32:52.491,1.173159,3.157952,9.78989
01-Feb-2025 18:32:52.499,0.967257,3.234566,9.56723
01-Feb-2025 18:32:52.507,0.92895,3.143587,9.476251
01-Feb-2025 18:32:52.515,0.948104,3.086126,9.435549
01-Feb-2025 18:32:52.523,0.881066,3.138798,9.287108
01-Feb-2025 18:32:52.531,0.833182,3.20823,9.220071
01-Feb-2025 18:32:52.539,0.782904,3.244143,9.167398
01-Feb-2025 18:32:52.547,0.766145,3.246537,9.212888
01-Feb-2025 18:32:52.555,0.787692,3.239355,9.28232
01-Feb-2025 18:32:52.563,0.730232,3.275268,9.387665
01-Feb-2025 18:32:52.571,0.684742,3.263297,9.483433
01-Feb-2025 18:32:52.579,0.70629,3.215413,9.591172
01-Feb-2025 18:32:52.587,0.715866,3.124433,9.65821
01-Feb-2025 18:32:52.595,0.730232,3.081338,9.694122
01-Feb-2025 18:32:52.603,0.723049,3.062184,9.631873
01-Feb-2025 18:32:52.611,0.742203,3.076549,9.617508
01-Feb-2025 18:32:52.619,0.754174,3.13401,9.655815
